PURCHASEORDERID,HISTORY.CREATEDBY.EMPLOYEEID,HISTORY.CREATEDAT,HISTORY.CHANGEDBY.EMPLOYEEID,HISTORY.CHANGEDAT,NOTEID,PARTNER.PARTNERID,CURRENCY,GROSSAMOUNT,NETAMOUNT,TAXAMOUNT,LIFECYCLESTATUS,APPROVALSTATUS,CONFIRMSTATUS,ORDERINGSTATUS,INVOICINGSTATUS
300000000,20,20201001,17,20201001,9000000001,100000000,EUR,13224.47,11113,2111.47,N,I,I,I,I
300000001,18,20201002,1,20201002,9000000001,100000002,EUR,12493.73,10498.94,1994.79,N,I,I,I,I
300000002,26,20201003,20,20201003,9000000001,100000005,EUR,11666.69,9803.94,1862.75,C,A,S,I,D
300000003,15,20201004,14,20201004,9000000001,100000006,EUR,16561.23,13917,2644.23,P,I,C,I,I
300000004,11,20201005,25,20201005,9000000001,100000006,EUR,12515.23,10517,1998.23,X,R,X,I,I
300000005,15,20201006,22,20201006,,100000008,EUR,8368.08,7032,1336.08,C,A,S,I,D
300000006,6,20201007,17,20201007,,100000003,EUR,6146.19,5164.87,981.32,P,I,S,I,I
300000007,33,20201008,23,20201008,,100000004,EUR,5720.31,4806.98,913.33,R,R,X,I,I
300000008,6,20201009,12,20201009,,100000009,EUR,4444.17,3734.6,709.57,C,A,S,I,D
300000009,16,20201010,28,20201010,,100000000,EUR,3453.38,2902,551.38,P,I,C,I,I
300000010,15,20201011,6,20201011,,100000002,EUR,8150.94,6849.53,1301.41,N,I,I,I,I
300000011,24,20201012,23,20201012,,100000004,EUR,3040.41,2554.97,485.44,C,A,S,I,D
300000012,33,20201013,8,20201013,,100000005,EUR,18986.39,15954.94,3031.45,P,I,S,I,I
300000013,1,20201014,4,20201014,,100000006,EUR,23408.49,19671,3737.49,P,A,S,I,I
300000014,25,20201015,22,20201015,,100000006,EUR,12515.23,10517,1998.23,R,R,X,I,I
300000015,5,20201016,12,20201016,,100000008,EUR,9971.01,8379,1592.01,C,A,S,I,D
300000016,30,20201017,20,20201017,,100000004,EUR,1829.01,1536.98,292.03,N,I,I,I,I
300000017,29,20201018,21,20201018,,100000005,EUR,5055.11,4247.99,807.12,C,A,S,I,D
300000018,9,20201019,4,20201019,,100000002,EUR,2510.26,2109.47,400.79,C,A,S,I,D
300000019,33,20201020,5,20201020,,100000009,EUR,3974.12,3339.6,634.52,P,A,C,I,I
300000020,8,20201021,29,20201021,,100000000,EUR,10329.2,8680,1649.2,C,A,S,I,D
300000021,32,20201022,19,20201022,,100000002,EUR,2153.64,1809.78,343.86,X,R,X,I,I
300000022,29,20201023,25,20201023,,100000006,EUR,14276.43,11997,2279.43,P,I,C,I,I
300000023,12,20201024,3,20201024,,100000008,EUR,3592.61,3019,573.61,P,I,C,I,I
300000024,2,20201025,10,20201025,,100000005,EUR,14640.47,12302.92,2337.55,R,R,X,I,I
300000025,5,20201026,28,20201026,,100000003,EUR,16748.33,14074.23,2674.1,C,A,S,I,D
300000026,13,20201027,32,20201027,,100000003,EUR,13053.03,10968.94,2084.09,N,I,I,I,I
300000027,14,20201028,25,20201028,,100000003,EUR,8555.55,7189.54,1366.01,X,R,X,I,I
300000028,21,20201029,15,20201029,,100000008,EUR,4977.77,4183,794.77,N,I,I,I,I
300000029,33,20201101,20,20201101,,100000004,EUR,3180.85,2672.98,507.87,C,A,S,I,D
300000030,20,20201102,22,20201102,,100000006,EUR,25366.04,21316,4050.04,X,R,X,I,I
300000031,28,20201103,20,20201103,,100000004,EUR,3470,2915.97,554.03,N,I,I,I,I
300000032,22,20201104,22,20201104,,100000006,EUR,23589.37,19823,3766.37,C,A,S,I,D
300000033,19,20201105,33,20201105,,100000009,EUR,4444.17,3734.6,709.57,X,R,X,I,I
300000034,30,20201106,13,20201106,,100000000,EUR,3453.38,2902,551.38,C,A,S,I,D
300000035,13,20201107,16,20201107,,100000002,EUR,8150.94,6849.53,1301.41,X,R,X,I,I
300000036,2,20201108,25,20201108,,100000003,EUR,4372.85,3674.67,698.18,R,R,X,I,I
300000037,26,20201109,27,20201109,,100000005,EUR,18986.39,15954.94,3031.45,P,I,S,I,I
300000038,2,20201110,25,20201110,,100000006,EUR,23408.49,19671,3737.49,N,I,I,I,I
300000039,9,20201111,13,20201111,,100000006,EUR,12515.23,10517,1998.23,R,R,X,I,I
300000040,10,20201112,12,20201112,,100000008,EUR,9971.01,8379,1592.01,P,I,C,I,I
300000041,24,20201113,10,20201113,,100000004,EUR,1829.01,1536.98,292.03,R,R,X,I,I
300000042,21,20201114,6,20201114,,100000002,EUR,3772.29,3169.99,602.3,R,R,X,I,I
300000043,30,20201115,30,20201115,,100000005,EUR,3729.42,3133.97,595.45,X,R,X,I,I
300000044,8,20201116,32,20201116,,100000009,EUR,4878.64,4099.7,778.94,N,I,I,I,I
300000045,33,20201117,15,20201117,,100000000,EUR,9222.5,7750,1472.5,X,R,X,I,I
300000046,2,20201118,12,20201118,,100000002,EUR,3986.25,3349.79,636.46,X,R,X,I,I
300000047,9,20201119,3,20201119,,100000008,EUR,3334.38,2802,532.38,R,R,X,I,I
300000048,29,20201120,18,20201120,,100000006,EUR,15898.4,13360,2538.4,X,R,X,I,I
300000049,33,20201121,25,20201121,,100000005,EUR,14320.39,12033.94,2286.45,P,A,C,I,I
300000050,10,20201122,20,20201122,,100000026,EUR,19189.94,16126,3063.94,P,I,C,I,I
300000051,25,20201123,19,20201123,,100000025,EUR,327367.81,275099,52268.81,C,A,S,I,D
300000052,12,20201124,21,20201124,,100000022,EUR,21399.77,17983,3416.77,C,A,S,I,D
300000053,33,20201125,3,20201125,,100000024,EUR,72391.27,60833,11558.27,X,R,X,I,I
300000054,28,20201126,16,20201126,,100000024,EUR,125233.22,105238,19995.22,R,R,X,I,I
300000055,11,20201127,6,20201127,,100000021,EUR,11030.11,9269,1761.11,X,R,X,I,I
300000056,11,20201128,20,20201128,,100000023,EUR,35817.81,30099,5718.81,X,R,X,I,I
300000057,24,20201201,6,20201201,,100000019,EUR,5488.28,4612,876.28,C,A,S,I,D
300000058,30,20201202,33,20201202,,100000026,EUR,12195.12,10248,1947.12,N,I,I,I,I
300000059,22,20201203,25,20201203,,100000026,EUR,3505.74,2946,559.74,C,A,S,I,D
300000060,23,20201204,28,20201204,,100000025,EUR,297553.55,250045,47508.55,P,I,C,I,I
300000061,28,20201205,26,20201205,,100000019,EUR,2898.84,2436,462.84,N,I,I,I,I
300000062,29,20201206,30,20201206,,100000022,EUR,27716.29,23291,4425.29,N,I,I,I,I
300000063,15,20201207,22,20201207,,100000024,EUR,143791.27,120833,22958.27,P,A,S,I,I
300000064,22,20201208,17,20201208,,100000024,EUR,107524.83,90357,17167.83,P,A,C,I,I
300000065,27,20201209,1,20201209,,100000021,EUR,14147.91,11889,2258.91,X,R,X,I,I
300000066,30,20201210,28,20201210,,100000019,EUR,1652.91,1389,263.91,N,I,I,I,I
300000067,1,20201211,17,20201211,,100000022,EUR,5911.92,4968,943.92,N,I,I,I,I
300000068,23,20201212,33,20201212,,100000025,EUR,148792.84,125036,23756.84,N,I,I,I,I
300000069,30,20201213,24,20201213,,100000026,EUR,5283.6,4440,843.6,N,I,I,I,I
300000070,5,20201214,31,20201214,,100000026,EUR,13964.65,11735,2229.65,N,I,I,I,I
300000071,17,20201215,26,20201215,,100000025,EUR,119010.71,100009,19001.71,X,R,X,I,I
300000072,33,20201216,8,20201216,,100000024,EUR,53974.83,45357,8617.83,N,I,I,I,I
300000073,7,20201217,8,20201217,,100000021,EUR,7676.69,6451,1225.69,X,R,X,I,I
300000074,20,20201218,12,20201218,,100000022,EUR,22006.67,18493,3513.67,N,I,I,I,I
300000075,17,20201219,27,20201219,,100000023,EUR,66745.91,56089,10656.91,R,R,X,I,I
300000076,9,20201220,9,20201220,,100000023,EUR,66745.91,56089,10656.91,R,R,X,I,I
300000077,13,20201221,32,20201221,,100000023,EUR,42474.67,35693,6781.67,R,R,X,I,I
300000078,1,20201222,11,20201222,,100000021,EUR,10558.87,8873,1685.87,X,R,X,I,I
300000079,5,20201223,7,20201223,,100000019,EUR,3525.97,2963,562.97,N,I,I,I,I
300000080,17,20201224,17,20201224,,100000024,EUR,143791.27,120833,22958.27,X,R,X,I,I
300000081,17,20201225,21,20201225,,100000019,EUR,2801.26,2354,447.26,X,R,X,I,I
300000082,16,20200901,30,20200901,,100000024,EUR,143791.27,120833,22958.27,X,R,X,I,I
300000083,21,20200902,26,20200902,,100000026,EUR,8739.36,7344,1395.36,R,R,X,I,I
300000084,17,20200903,25,20200903,,100000026,EUR,6961.5,5850,1111.5,C,A,S,I,D
300000085,27,20200904,10,20200904,,100000025,EUR,148857.1,125090,23767.1,C,A,S,I,D
300000086,7,20200905,16,20200905,,100000023,EUR,24271.24,20396,3875.24,C,A,S,I,D
300000087,26,20200906,5,20200906,,100000022,EUR,30368.8,25520,4848.8,X,R,X,I,I
300000088,20,20200907,10,20200907,,100000024,EUR,126082.88,105952,20130.88,C,A,S,I,D
300000089,1,20200908,12,20200908,,100000024,EUR,54399.66,45714,8685.66,X,R,X,I,I
300000090,30,20200909,15,20200909,,100000021,EUR,15471.19,13001,2470.19,C,A,S,I,D
300000091,7,20200910,14,20200910,,100000019,EUR,1970.64,1656,314.64,P,A,C,I,I
300000092,2,20200911,33,20200911,,100000025,EUR,29771.42,25018,4753.42,R,R,X,I,I
300000093,12,20200912,33,20200912,,100000022,EUR,12430.74,10446,1984.74,P,A,C,I,I
300000094,26,20200913,1,20200913,,100000026,EUR,12186.79,10241,1945.79,N,I,I,I,I
300000095,33,20200914,6,20200914,,100000026,EUR,13964.65,11735,2229.65,R,R,X,I,I
300000096,27,20200915,6,20200915,,100000025,EUR,119010.71,100009,19001.71,P,I,S,I,I
300000097,12,20200916,24,20200916,,100000021,EUR,4676.7,3930,746.7,P,I,S,I,I
300000098,30,20200917,24,20200917,,100000024,EUR,89816.44,75476,14340.44,X,R,X,I,I
300000099,22,20200918,11,20200918,,100000022,EUR,30166.5,25350,4816.5,P,I,S,I,I
300000100,18,20200919,12,20200919,,100000012,EUR,12209.4,10260,1949.4,R,R,X,I,I
300000101,22,20200920,22,20200920,,100000011,EUR,8491.12,7135.4,1355.72,X,R,X,I,I
300000102,24,20200921,9,20200921,,100000015,EUR,2346.68,1972,374.68,P,A,S,I,I
300000103,8,20200922,32,20200922,,100000013,EUR,5933.58,4986.2,947.38,X,R,X,I,I
300000104,30,20200923,12,20200923,,100000013,EUR,5928.1,4981.6,946.5,R,R,X,I,I
300000105,2,20200924,26,20200924,,100000014,EUR,9080.89,7631,1449.89,N,I,I,I,I
300000106,8,20200925,12,20200925,,100000016,EUR,10253.04,8616,1637.04,C,A,S,I,D
300000107,26,20200926,6,20200926,,100000017,EUR,7275.66,6114,1161.66,X,R,X,I,I
300000108,29,20200927,24,20200927,,100000018,EUR,4551.75,3825,726.75,P,I,S,I,I
300000109,15,20200928,29,20200928,,100000012,EUR,3148.74,2646,502.74,N,I,I,I,I
300000110,6,20200929,33,20200929,,100000011,EUR,4955.51,4164.3,791.21,R,R,X,I,I
300000111,20,20200801,33,20200801,,100000017,EUR,4131.68,3472,659.68,C,A,S,I,D
300000112,29,20200802,6,20200802,,100000015,EUR,3420.06,2874,546.06,X,R,X,I,I
300000113,10,20200803,8,20200803,,100000013,EUR,9608.29,8074.2,1534.09,R,R,X,I,I
300000114,11,20200804,6,20200804,,100000013,EUR,6536.55,5492.9,1043.65,C,A,S,I,D
300000115,3,20200805,19,20200805,,100000014,EUR,10980.13,9227,1753.13,R,R,X,I,I
300000116,8,20200806,11,20200806,,100000017,EUR,3996.02,3358,638.02,C,A,S,I,D
300000117,3,20200807,19,20200807,,100000015,EUR,49.98,42,7.98,R,R,X,I,I
300000118,27,20200808,18,20200808,,100000011,EUR,2343.94,1969.7,374.24,P,A,S,I,I
300000119,16,20200809,22,20200809,,100000018,EUR,2595.39,2181,414.39,P,A,C,I,I
300000120,24,20200810,2,20200810,,100000012,EUR,9107.07,7653,1454.07,P,I,C,I,I
300000121,25,20200811,3,20200811,,100000011,EUR,1514.63,1272.8,241.83,R,R,X,I,I
300000122,16,20200812,9,20200812,,100000013,EUR,4288.64,3603.9,684.74,N,I,I,I,I
300000123,25,20200813,1,20200813,,100000014,EUR,4272.1,3590,682.1,P,A,C,I,I
300000124,33,20200814,1,20200814,,100000015,EUR,2446.64,2056,390.64,N,I,I,I,I
300000125,8,20200815,22,20200815,,100000016,EUR,19189.94,16126,3063.94,C,A,S,I,D
300000126,4,20200816,8,20200816,,100000016,EUR,19189.94,16126,3063.94,R,R,X,I,I
300000127,9,20200817,6,20200817,,100000016,EUR,12211.78,10262,1949.78,N,I,I,I,I
300000128,17,20200818,32,20200818,,100000014,EUR,8752.45,7355,1397.45,P,A,C,I,I
300000129,32,20200819,33,20200819,,100000017,EUR,2291.94,1926,365.94,X,R,X,I,I
300000130,9,20200820,18,20200820,,100000013,EUR,11640.81,9782.2,1858.61,R,R,X,I,I
300000131,2,20200821,18,20200821,,100000017,EUR,5971.42,5018,953.42,R,R,X,I,I
300000132,6,20200822,29,20200822,,100000013,EUR,9401.11,7900.1,1501.01,X,R,X,I,I
300000133,5,20200823,16,20200823,,100000018,EUR,3573.57,3003,570.57,C,A,S,I,D
300000134,28,20200824,10,20200824,,100000012,EUR,3148.74,2646,502.74,R,R,X,I,I
300000135,30,20200825,24,20200825,,100000011,EUR,7783.31,6540.6,1242.71,C,A,S,I,D
300000136,27,20200826,9,20200826,,100000016,EUR,6978.16,5864,1114.16,C,A,S,I,D
300000137,3,20200827,6,20200827,,100000015,EUR,3420.06,2874,546.06,R,R,X,I,I
300000138,14,20200701,25,20200701,,100000013,EUR,9608.29,8074.2,1534.09,N,I,I,I,I
300000139,20,20200702,5,20200702,,100000013,EUR,6536.55,5492.9,1043.65,P,I,C,I,I
300000140,24,20200703,16,20200703,,100000014,EUR,10980.13,9227,1753.13,N,I,I,I,I
300000141,22,20200704,22,20200704,,100000017,EUR,3996.02,3358,638.02,P,I,S,I,I
300000142,15,20200705,24,20200705,,100000011,EUR,1909.83,1604.9,304.93,R,R,X,I,I
300000143,19,20200706,1,20200706,,100000015,EUR,2708.44,2276,432.44,C,A,S,I,D
300000144,20,20200707,8,20200707,,100000018,EUR,2990.47,2513,477.47,R,R,X,I,I
300000145,15,20200708,5,20200708,,100000012,EUR,9399.81,7899,1500.81,R,R,X,I,I
300000146,12,20200709,29,20200709,,100000011,EUR,2191.74,1841.8,349.94,P,A,C,I,I
300000147,24,20200710,24,20200710,,100000014,EUR,6379.59,5361,1018.59,X,R,X,I,I
300000148,13,20200711,33,20200711,,100000013,EUR,4704.66,3953.5,751.16,N,I,I,I,I
300000149,29,20200712,13,20200712,,100000015,EUR,3320.1,2790,530.1,P,A,C,I,I
300000150,30,20200713,25,20200713,,100000028,EUR,11951.17,10043,1908.17,R,R,X,I,I
300000151,16,20200714,16,20200714,,100000030,EUR,19844.44,16676,3168.44,P,A,S,I,I
300000152,32,20200715,3,20200715,,100000031,EUR,6676.5,5610.5,1066,R,R,X,I,I
300000153,21,20200716,18,20200716,,100000032,EUR,4589.84,3857,732.84,P,I,C,I,I
300000154,33,20200717,8,20200717,,100000032,EUR,1335.78,1122.5,213.28,P,A,S,I,I
300000155,22,20200718,28,20200718,,100000033,EUR,1552.36,1304.5,247.86,P,A,S,I,I
300000156,2,20200719,1,20200719,,100000034,EUR,5854.8,4920,934.8,N,I,I,I,I
300000157,7,20200720,27,20200720,,100000035,EUR,1123.71,944.3,179.41,R,R,X,I,I
300000158,5,20200721,20,20200721,,100000027,EUR,7225.68,6072,1153.68,P,A,C,I,I
300000159,24,20200722,9,20200722,,100000028,EUR,4312.56,3624,688.56,C,A,S,I,D
300000160,9,20200723,2,20200723,,100000030,EUR,9174.9,7710,1464.9,N,I,I,I,I
300000161,19,20200724,22,20200724,,100000035,EUR,604.04,507.6,96.44,P,I,C,I,I
300000162,32,20200725,30,20200725,,100000031,EUR,9534.88,8012.5,1522.38,N,I,I,I,I
300000163,28,20200726,5,20200726,,100000032,EUR,4606.5,3871,735.5,P,A,S,I,I
300000164,3,20201101,33,20201101,,100000032,EUR,1984.93,1668,316.93,X,R,X,I,I
300000165,21,20201102,20,20201102,,100000033,EUR,1941.5,1631.5,310,P,I,S,I,I
300000166,26,20201103,15,20201103,,100000035,EUR,404.12,339.6,64.52,N,I,I,I,I
300000167,8,20201104,24,20201104,,100000031,EUR,956.76,804,152.76,P,A,S,I,I
300000168,6,20201105,27,20201105,,100000030,EUR,7247.1,6090,1157.1,R,R,X,I,I
300000169,13,20201106,33,20201106,,100000027,EUR,12880.56,10824,2056.56,N,I,I,I,I
300000170,32,20201107,11,20201107,,100000028,EUR,9761.57,8203,1558.57,X,R,X,I,I
300000171,9,20201108,15,20201108,,100000030,EUR,1896.86,1594,302.86,N,I,I,I,I
300000172,2,20201109,7,20201109,,100000032,EUR,1972.43,1657.5,314.93,R,R,X,I,I
300000173,18,20201110,26,20201110,,100000033,EUR,782.43,657.5,124.93,P,A,S,I,I
300000174,27,20201111,26,20201111,,100000031,EUR,9528.94,8007.5,1521.44,P,A,S,I,I
300000175,13,20201112,14,20201112,,100000034,EUR,12042.8,10120,1922.8,R,R,X,I,I
300000176,14,20201113,6,20201113,,100000034,EUR,12042.8,10120,1922.8,X,R,X,I,I
300000177,28,20201114,14,20201114,,100000034,EUR,7663.6,6440,1223.6,R,R,X,I,I
300000178,25,20201115,16,20201115,,100000033,EUR,790.77,664.5,126.27,R,R,X,I,I
300000179,17,20201116,14,20201116,,100000035,EUR,635.22,533.8,101.42,C,A,S,I,D
300000180,21,20201117,31,20201117,,100000032,EUR,4606.5,3871,735.5,N,I,I,I,I
300000181,26,20201118,25,20201118,,100000035,EUR,484.21,406.9,77.31,R,R,X,I,I
300000182,30,20201119,14,20201119,,100000032,EUR,4606.5,3871,735.5,P,A,C,I,I
300000183,1,20201120,8,20201120,,100000027,EUR,10053.12,8448,1605.12,R,R,X,I,I
300000184,5,20201121,14,20201121,,100000028,EUR,2206.26,1854,352.26,X,R,X,I,I
300000185,10,20201122,16,20201122,,100000030,EUR,17885.7,15030,2855.7,X,R,X,I,I
300000186,20,20201123,23,20201123,,100000034,EUR,4379.2,3680,699.2,C,A,S,I,D
300000187,32,20201124,29,20201124,,100000031,EUR,8587.05,7216,1371.05,N,I,I,I,I
300000188,27,20201125,30,20201125,,100000032,EUR,5255.64,4416.5,839.14,N,I,I,I,I
300000189,14,20201126,27,20201126,,100000032,EUR,3932.37,3304.5,627.87,X,R,X,I,I
300000190,14,20201127,18,20201127,,100000033,EUR,1755.26,1475,280.26,X,R,X,I,I
300000191,16,20201128,16,20201128,,100000035,EUR,350.93,294.9,56.03,C,A,S,I,D
300000192,17,20201201,29,20201201,,100000030,EUR,3577.14,3006,571.14,R,R,X,I,I
300000193,25,20201202,24,20201202,,100000031,EUR,4765.96,4005,760.96,C,A,S,I,D
300000194,20,20201203,6,20201203,,100000027,EUR,5798.87,4873,925.87,N,I,I,I,I
300000195,15,20201204,9,20201204,,100000028,EUR,9761.57,8203,1558.57,P,A,C,I,I
300000196,1,20201205,24,20201205,,100000030,EUR,1896.86,1594,302.86,C,A,S,I,D
300000197,10,20201206,11,20201206,,100000033,EUR,583.7,490.5,93.2,R,R,X,I,I
300000198,27,20201207,8,20201207,,100000032,EUR,2634.07,2213.5,420.57,N,I,I,I,I
300000199,17,20201208,7,20201208,,100000031,EUR,7636.24,6417,1219.24,C,A,S,I,D
300000200,10,20201209,20,20201209,,100000044,EUR,11689.24,9822.89,1866.35,R,R,X,I,I
300000201,28,20201210,33,20201210,,100000036,EUR,4983.37,4187.7,795.67,P,I,S,I,I
300000202,32,20201211,31,20201211,,100000038,EUR,724.71,609,115.71,R,R,X,I,I
300000203,28,20201212,21,20201212,,100000037,EUR,1872.82,1573.8,299.02,P,A,C,I,I
300000204,10,20201213,33,20201213,,100000037,EUR,1240.46,1042.4,198.06,R,R,X,I,I
300000205,2,20201101,1,20201101,,100000042,EUR,12794.88,10752,2042.88,N,I,I,I,I
300000206,25,20201102,2,20201102,,100000044,EUR,1294.71,1087.99,206.72,R,R,X,I,I
300000207,28,20201103,17,20201103,,100000041,EUR,2645.37,2223,422.37,C,A,S,I,D
300000208,30,20201104,14,20201104,,100000043,EUR,16526.72,13888,2638.72,N,I,I,I,I
300000209,10,20201105,24,20201105,,100000044,EUR,4157.82,3493.96,663.86,X,R,X,I,I
300000210,32,20201106,15,20201106,,100000036,EUR,2751.29,2312,439.29,X,R,X,I,I
300000211,13,20201107,3,20201107,,100000041,EUR,1423.24,1196,227.24,N,I,I,I,I
300000212,5,20201108,31,20201108,,100000038,EUR,1006.74,846,160.74,P,I,S,I,I
300000213,17,20201109,12,20201109,,100000037,EUR,2354.54,1978.6,375.94,P,I,S,I,I
300000214,32,20201110,32,20201110,,100000037,EUR,1318.76,1108.2,210.56,X,R,X,I,I
300000215,3,20201111,30,20201111,,100000042,EUR,16148.3,13570,2578.3,X,R,X,I,I
300000216,10,20201112,29,20201112,,100000041,EUR,959.14,806,153.14,R,R,X,I,I
300000217,21,20201113,8,20201113,,100000038,EUR,132.09,111,21.09,P,A,S,I,I
300000218,12,20201114,7,20201114,,100000036,EUR,1909.36,1604.5,304.86,X,R,X,I,I
300000219,13,20201115,21,20201115,,100000043,EUR,12623.52,10608,2015.52,P,A,C,I,I
300000220,12,20201116,17,20201116,,100000044,EUR,9517.53,7997.91,1519.62,X,R,X,I,I
300000221,1,20201117,33,20201117,,100000036,EUR,744.71,625.8,118.91,X,R,X,I,I
300000222,22,20201118,26,20201118,,100000037,EUR,957.47,804.6,152.87,N,I,I,I,I
300000223,10,20201119,14,20201119,,100000042,EUR,7325.64,6156,1169.64,P,A,C,I,I
300000224,7,20201120,31,20201120,,100000038,EUR,949.62,798,151.62,P,I,C,I,I
300000225,24,20201121,12,20201121,,100000044,EUR,11689.25,9822.89,1866.36,R,R,X,I,I
300000226,8,20201122,17,20201122,,100000044,EUR,11689.24,9822.89,1866.35,P,A,S,I,I
300000227,30,20201123,19,20201123,,100000044,EUR,7438.62,6250.93,1187.69,N,I,I,I,I
300000228,24,20201124,14,20201124,,100000042,EUR,8563.24,7196,1367.24,C,A,S,I,D
300000229,9,20201125,2,20201125,,100000041,EUR,1485.12,1248,237.12,C,A,S,I,D
300000230,2,20201126,16,20201126,,100000037,EUR,2354.54,1978.6,375.94,N,I,I,I,I
300000231,33,20201127,6,20201127,,100000041,EUR,1129.31,949,180.31,X,R,X,I,I
300000232,18,20201128,31,20201128,,100000037,EUR,2354.54,1978.6,375.94,X,R,X,I,I
300000233,14,20201201,31,20201201,,100000043,EUR,14575.12,12248,2327.12,R,R,X,I,I
300000234,19,20201202,6,20201202,,100000044,EUR,2218.14,1863.98,354.16,R,R,X,I,I
300000235,16,20201203,11,20201203,,100000036,EUR,4044.22,3398.5,645.72,N,I,I,I,I
300000236,22,20201204,18,20201204,,100000044,EUR,4250.63,3571.96,678.67,N,I,I,I,I
300000237,31,20201205,33,20201205,,100000038,EUR,960.33,807,153.33,R,R,X,I,I
300000238,27,20201206,9,20201206,,100000037,EUR,2432.84,2044.4,388.44,N,I,I,I,I
300000239,10,20201207,18,20201207,,100000037,EUR,1553.67,1305.6,248.07,N,I,I,I,I
300000240,20,20201208,14,20201208,,100000042,EUR,15709.19,13201,2508.19,R,R,X,I,I
300000241,6,20201209,23,20201209,,100000041,EUR,819.91,689,130.91,C,A,S,I,D
300000242,32,20201210,18,20201210,,100000036,EUR,808.84,679.7,129.14,N,I,I,I,I
300000243,16,20201211,5,20201211,,100000038,EUR,489.09,411,78.09,P,A,S,I,I
300000244,15,20201212,31,20201212,,100000043,EUR,15718.71,13209,2509.71,R,R,X,I,I
300000245,22,20201213,18,20201213,,100000044,EUR,9517.53,7997.91,1519.62,R,R,X,I,I
300000246,24,20201101,28,20201101,,100000036,EUR,744.71,625.8,118.91,X,R,X,I,I
300000247,33,20201102,10,20201102,,100000042,EUR,5030.13,4227,803.13,X,R,X,I,I
300000248,4,20201103,31,20201103,,100000037,EUR,1397.06,1174,223.06,P,I,S,I,I
300000249,5,20201104,15,20201104,,100000038,EUR,885.36,744,141.36,R,R,X,I,I
300000250,1,20201105,24,20201105,,100000000,EUR,13224.47,11113,2111.47,R,R,X,I,I
300000251,8,20201106,18,20201106,,100000002,EUR,12493.73,10498.94,1994.79,P,I,S,I,I
300000252,7,20201107,10,20201107,,100000005,EUR,11666.69,9803.94,1862.75,N,I,I,I,I
300000253,29,20201108,22,20201108,,100000006,EUR,16561.23,13917,2644.23,N,I,I,I,I
300000254,4,20201109,23,20201109,,100000006,EUR,12515.23,10517,1998.23,C,A,S,I,D
300000255,29,20201110,27,20201110,,100000008,EUR,8368.08,7032,1336.08,P,A,S,I,I
300000256,25,20201111,31,20201111,,100000003,EUR,6146.19,5164.87,981.32,C,A,S,I,D
300000257,28,20201112,23,20201112,,100000004,EUR,5720.31,4806.98,913.33,P,I,S,I,I
300000258,17,20201113,10,20201113,,100000009,EUR,4444.17,3734.6,709.57,R,R,X,I,I
300000259,16,20201114,4,20201114,,100000000,EUR,3453.38,2902,551.38,R,R,X,I,I
300000260,12,20201115,33,20201115,,100000002,EUR,8150.94,6849.53,1301.41,N,I,I,I,I
300000261,23,20201116,26,20201116,,100000004,EUR,3040.41,2554.97,485.44,R,R,X,I,I
300000262,20,20201117,10,20201117,,100000005,EUR,18986.39,15954.94,3031.45,N,I,I,I,I
300000263,2,20201118,22,20201118,,100000006,EUR,23408.49,19671,3737.49,P,I,S,I,I
300000264,20,20201119,13,20201119,,100000006,EUR,12515.23,10517,1998.23,R,R,X,I,I
300000265,9,20201120,31,20201120,,100000008,EUR,9971.01,8379,1592.01,C,A,S,I,D
300000266,22,20201121,4,20201121,,100000004,EUR,1829.01,1536.98,292.03,C,A,S,I,D
300000267,16,20201122,20,20201122,,100000005,EUR,5055.11,4247.99,807.12,N,I,I,I,I
300000268,1,20201123,32,20201123,,100000002,EUR,2510.26,2109.47,400.79,N,I,I,I,I
300000269,27,20201124,33,20201124,,100000009,EUR,3974.12,3339.6,634.52,R,R,X,I,I
300000270,33,20201125,8,20201125,,100000000,EUR,10329.2,8680,1649.2,X,R,X,I,I
300000271,31,20201126,4,20201126,,100000002,EUR,2153.64,1809.78,343.86,N,I,I,I,I
300000272,19,20201127,28,20201127,,100000006,EUR,14276.43,11997,2279.43,P,A,S,I,I
300000273,29,20201128,30,20201128,,100000008,EUR,3592.61,3019,573.61,X,R,X,I,I
300000274,7,20201201,21,20201201,,100000005,EUR,14640.47,12302.92,2337.55,C,A,S,I,D
300000275,9,20201202,18,20201202,,100000003,EUR,16748.33,14074.23,2674.1,N,I,I,I,I
300000276,1,20201203,19,20201203,,100000003,EUR,13053.03,10968.94,2084.09,C,A,S,I,D
300000277,19,20201204,27,20201204,,100000003,EUR,8555.55,7189.54,1366.01,R,R,X,I,I
300000278,23,20201205,29,20201205,,100000008,EUR,4977.77,4183,794.77,C,A,S,I,D
300000279,10,20201206,21,20201206,,100000004,EUR,3180.85,2672.98,507.87,C,A,S,I,D
300000280,28,20201207,23,20201207,,100000006,EUR,25366.04,21316,4050.04,R,R,X,I,I
300000281,15,20201208,4,20201208,,100000004,EUR,3470,2915.97,554.03,X,R,X,I,I
300000282,28,20201209,32,20201209,,100000006,EUR,23589.37,19823,3766.37,X,R,X,I,I
300000283,32,20201210,27,20201210,,100000009,EUR,4444.17,3734.6,709.57,C,A,S,I,D
300000284,14,20201211,22,20201211,,100000000,EUR,3453.38,2902,551.38,C,A,S,I,D
300000285,25,20201212,21,20201212,,100000002,EUR,8150.94,6849.53,1301.41,R,R,X,I,I
300000286,18,20201213,5,20201213,,100000003,EUR,4372.85,3674.67,698.18,C,A,S,I,D
300000287,23,20201101,13,20201101,,100000005,EUR,18986.39,15954.94,3031.45,P,I,C,I,I
300000288,10,20201102,6,20201102,,100000006,EUR,23408.49,19671,3737.49,X,R,X,I,I
300000289,1,20201103,17,20201103,,100000006,EUR,12515.23,10517,1998.23,X,R,X,I,I
300000290,23,20201104,9,20201104,,100000008,EUR,9971.01,8379,1592.01,P,I,S,I,I
300000291,17,20201105,32,20201105,,100000004,EUR,1829.01,1536.98,292.03,N,I,I,I,I
300000292,1,20201106,22,20201106,,100000002,EUR,3772.29,3169.99,602.3,R,R,X,I,I
300000293,24,20201107,29,20201107,,100000005,EUR,3729.42,3133.97,595.45,C,A,S,I,D
300000294,21,20201108,19,20201108,,100000009,EUR,4878.64,4099.7,778.94,R,R,X,I,I
300000295,6,20201109,8,20201109,,100000000,EUR,9222.5,7750,1472.5,X,R,X,I,I
300000296,15,20201110,27,20201110,,100000002,EUR,3986.25,3349.79,636.46,P,A,S,I,I
300000297,31,20201111,8,20201111,,100000008,EUR,3334.38,2802,532.38,R,R,X,I,I
300000298,33,20201112,1,20201112,,100000006,EUR,15898.4,13360,2538.4,N,I,I,I,I
300000299,1,20201113,22,20201113,,100000005,EUR,14320.39,12033.94,2286.45,X,R,X,I,I
300000300,27,20201114,31,20201114,,100000026,EUR,19189.94,16126,3063.94,P,A,S,I,I
300000301,2,20201115,21,20201115,,100000025,EUR,327367.81,275099,52268.81,R,R,X,I,I
300000302,32,20201116,24,20201116,,100000022,EUR,21399.77,17983,3416.77,N,I,I,I,I
300000303,5,20201117,26,20201117,,100000024,EUR,72391.27,60833,11558.27,C,A,S,I,D
300000304,7,20201118,22,20201118,,100000024,EUR,125233.22,105238,19995.22,P,I,S,I,I
300000305,18,20201119,8,20201119,,100000021,EUR,11030.11,9269,1761.11,X,R,X,I,I
300000306,7,20201120,25,20201120,,100000023,EUR,35817.81,30099,5718.81,X,R,X,I,I
300000307,6,20201121,19,20201121,,100000019,EUR,5488.28,4612,876.28,N,I,I,I,I
300000308,6,20201122,21,20201122,,100000026,EUR,12195.12,10248,1947.12,P,A,C,I,I
300000309,6,20201123,2,20201123,,100000026,EUR,3505.74,2946,559.74,R,R,X,I,I
300000310,33,20201124,9,20201124,,100000025,EUR,297553.55,250045,47508.55,C,A,S,I,D
300000311,12,20201125,10,20201125,,100000019,EUR,2898.84,2436,462.84,X,R,X,I,I
300000312,25,20201126,9,20201126,,100000022,EUR,27716.29,23291,4425.29,X,R,X,I,I
300000313,1,20201127,2,20201127,,100000024,EUR,143791.27,120833,22958.27,C,A,S,I,D
300000314,19,20201128,15,20201128,,100000024,EUR,107524.83,90357,17167.83,P,A,S,I,I
300000315,6,20201201,26,20201201,,100000021,EUR,14147.91,11889,2258.91,N,I,I,I,I
300000316,6,20201202,3,20201202,,100000019,EUR,1652.91,1389,263.91,P,I,C,I,I
300000317,25,20201203,6,20201203,,100000022,EUR,5911.92,4968,943.92,N,I,I,I,I
300000318,30,20201204,19,20201204,,100000025,EUR,148792.84,125036,23756.84,X,R,X,I,I
300000319,25,20201205,25,20201205,,100000026,EUR,5283.6,4440,843.6,X,R,X,I,I
300000320,31,20201206,24,20201206,,100000026,EUR,13964.65,11735,2229.65,R,R,X,I,I
300000321,28,20201207,1,20201207,,100000025,EUR,119010.71,100009,19001.71,C,A,S,I,D
300000322,3,20201208,7,20201208,,100000024,EUR,53974.83,45357,8617.83,X,R,X,I,I
300000323,16,20201209,7,20201209,,100000021,EUR,7676.69,6451,1225.69,N,I,I,I,I
300000324,23,20201210,31,20201210,,100000022,EUR,22006.67,18493,3513.67,N,I,I,I,I
300000325,2,20201211,15,20201211,,100000023,EUR,66745.91,56089,10656.91,C,A,S,I,D
300000326,29,20201212,14,20201212,,100000023,EUR,66745.91,56089,10656.91,P,A,S,I,I
300000327,4,20201213,31,20201213,,100000023,EUR,42474.67,35693,6781.67,N,I,I,I,I
300000328,8,20201101,31,20201101,,100000021,EUR,10558.87,8873,1685.87,R,R,X,I,I
300000329,1,20201102,10,20201102,,100000019,EUR,3525.97,2963,562.97,X,R,X,I,I
300000330,28,20201103,1,20201103,,100000024,EUR,143791.27,120833,22958.27,N,I,I,I,I
300000331,23,20201104,13,20201104,,100000019,EUR,2801.26,2354,447.26,C,A,S,I,D
300000332,28,20201105,11,20201105,,100000024,EUR,143791.27,120833,22958.27,R,R,X,I,I
300000333,21,20201106,16,20201106,,100000026,EUR,8739.36,7344,1395.36,P,I,S,I,I
300000334,6,20201107,12,20201107,,100000026,EUR,6961.5,5850,1111.5,X,R,X,I,I
300000335,15,20201108,18,20201108,,100000025,EUR,148857.1,125090,23767.1,R,R,X,I,I
300000336,20,20201109,30,20201109,,100000023,EUR,24271.24,20396,3875.24,N,I,I,I,I
300000337,18,20201110,18,20201110,,100000022,EUR,30368.8,25520,4848.8,X,R,X,I,I
300000338,8,20201111,30,20201111,,100000024,EUR,126082.88,105952,20130.88,P,I,C,I,I
300000339,6,20201112,29,20201112,,100000024,EUR,54399.66,45714,8685.66,P,A,S,I,I
300000340,4,20201113,6,20201113,,100000021,EUR,15471.19,13001,2470.19,P,A,C,I,I
300000341,17,20201114,12,20201114,,100000019,EUR,1970.64,1656,314.64,R,R,X,I,I
300000342,12,20201115,8,20201115,,100000025,EUR,29771.42,25018,4753.42,R,R,X,I,I
300000343,30,20201116,26,20201116,,100000022,EUR,12430.74,10446,1984.74,R,R,X,I,I
300000344,15,20201117,18,20201117,,100000026,EUR,12186.79,10241,1945.79,C,A,S,I,D
300000345,11,20201118,14,20201118,,100000026,EUR,13964.65,11735,2229.65,N,I,I,I,I
300000346,15,20201119,10,20201119,,100000025,EUR,119010.71,100009,19001.71,P,I,S,I,I
300000347,33,20201120,22,20201120,,100000021,EUR,4676.7,3930,746.7,C,A,S,I,D
300000348,24,20201121,5,20201121,,100000024,EUR,89816.44,75476,14340.44,X,R,X,I,I
300000349,33,20201122,28,20201122,,100000022,EUR,30166.5,25350,4816.5,N,I,I,I,I
300000350,17,20201123,25,20201123,,100000012,EUR,12209.4,10260,1949.4,C,A,S,I,D
300000351,8,20201124,6,20201124,,100000011,EUR,8491.12,7135.4,1355.72,R,R,X,I,I
300000352,18,20201125,7,20201125,,100000015,EUR,2346.68,1972,374.68,X,R,X,I,I
300000353,33,20201126,14,20201126,,100000013,EUR,5933.58,4986.2,947.38,R,R,X,I,I
300000354,3,20201127,4,20201127,,100000013,EUR,5928.1,4981.6,946.5,P,A,C,I,I
300000355,17,20201128,30,20201128,,100000014,EUR,9080.89,7631,1449.89,C,A,S,I,D
300000356,31,20201201,15,20201201,,100000016,EUR,10253.04,8616,1637.04,N,I,I,I,I
300000357,27,20201202,26,20201202,,100000017,EUR,7275.66,6114,1161.66,N,I,I,I,I
300000358,10,20201203,2,20201203,,100000018,EUR,4551.75,3825,726.75,X,R,X,I,I
300000359,25,20201204,16,20201204,,100000012,EUR,3148.74,2646,502.74,C,A,S,I,D
300000360,7,20201205,2,20201205,,100000011,EUR,4955.51,4164.3,791.21,C,A,S,I,D
300000361,9,20201206,24,20201206,,100000017,EUR,4131.68,3472,659.68,X,R,X,I,I
300000362,2,20201207,7,20201207,,100000015,EUR,3420.06,2874,546.06,C,A,S,I,D
300000363,28,20201208,2,20201208,,100000013,EUR,9608.29,8074.2,1534.09,X,R,X,I,I
300000364,3,20201209,12,20201209,,100000013,EUR,6536.55,5492.9,1043.65,P,A,S,I,I
300000365,30,20201210,30,20201210,,100000014,EUR,10980.13,9227,1753.13,R,R,X,I,I
300000366,33,20201211,18,20201211,,100000017,EUR,3996.02,3358,638.02,C,A,S,I,D
300000367,8,20201212,23,20201212,,100000015,EUR,49.98,42,7.98,C,A,S,I,D
300000368,15,20201213,25,20201213,,100000011,EUR,2343.94,1969.7,374.24,R,R,X,I,I
300000369,1,20201101,19,20201101,,100000018,EUR,2595.39,2181,414.39,P,I,C,I,I
300000370,28,20201102,22,20201102,,100000012,EUR,9107.07,7653,1454.07,X,R,X,I,I
300000371,22,20201103,28,20201103,,100000011,EUR,1514.63,1272.8,241.83,R,R,X,I,I
300000372,16,20201104,9,20201104,,100000013,EUR,4288.64,3603.9,684.74,X,R,X,I,I
300000373,18,20201105,26,20201105,,100000014,EUR,4272.1,3590,682.1,N,I,I,I,I
300000374,32,20201106,13,20201106,,100000015,EUR,2446.64,2056,390.64,P,I,C,I,I
300000375,1,20201107,5,20201107,,100000016,EUR,19189.94,16126,3063.94,R,R,X,I,I
300000376,31,20201108,20,20201108,,100000016,EUR,19189.94,16126,3063.94,P,A,S,I,I
300000377,32,20201109,11,20201109,,100000016,EUR,12211.78,10262,1949.78,X,R,X,I,I
300000378,4,20201110,31,20201110,,100000014,EUR,8752.45,7355,1397.45,P,A,C,I,I
300000379,32,20201111,13,20201111,,100000017,EUR,2291.94,1926,365.94,X,R,X,I,I
300000380,14,20201112,20,20201112,,100000013,EUR,11640.81,9782.2,1858.61,P,A,C,I,I
300000381,17,20201113,30,20201113,,100000017,EUR,5971.42,5018,953.42,P,I,S,I,I
300000382,29,20201114,11,20201114,,100000013,EUR,9401.11,7900.1,1501.01,N,I,I,I,I
300000383,24,20201115,8,20201115,,100000018,EUR,3573.57,3003,570.57,X,R,X,I,I
300000384,10,20201116,17,20201116,,100000012,EUR,3148.74,2646,502.74,C,A,S,I,D
300000385,20,20201117,13,20201117,,100000011,EUR,7783.31,6540.6,1242.71,R,R,X,I,I
300000386,13,20201118,27,20201118,,100000016,EUR,6978.16,5864,1114.16,R,R,X,I,I
300000387,3,20201119,15,20201119,,100000015,EUR,3420.06,2874,546.06,N,I,I,I,I
300000388,4,20201120,27,20201120,,100000013,EUR,9608.29,8074.2,1534.09,R,R,X,I,I
300000389,7,20201121,32,20201121,,100000013,EUR,6536.55,5492.9,1043.65,N,I,I,I,I
300000390,19,20201122,11,20201122,,100000014,EUR,10980.13,9227,1753.13,R,R,X,I,I
300000391,29,20201123,11,20201123,,100000017,EUR,3996.02,3358,638.02,C,A,S,I,D
300000392,26,20201124,12,20201124,,100000011,EUR,1909.83,1604.9,304.93,X,R,X,I,I
300000393,29,20201125,32,20201125,,100000015,EUR,2708.44,2276,432.44,R,R,X,I,I
300000394,21,20201126,23,20201126,,100000018,EUR,2990.47,2513,477.47,N,I,I,I,I
300000395,18,20201127,16,20201127,,100000012,EUR,9399.81,7899,1500.81,C,A,S,I,D
300000396,1,20201128,3,20201128,,100000011,EUR,2191.74,1841.8,349.94,R,R,X,I,I
300000397,23,20201201,9,20201201,,100000014,EUR,6379.59,5361,1018.59,N,I,I,I,I
300000398,2,20201202,23,20201202,,100000013,EUR,4704.66,3953.5,751.16,P,A,C,I,I
300000399,15,20201203,12,20201203,,100000015,EUR,3320.1,2790,530.1,N,I,I,I,I
300000400,30,20201204,29,20201204,,100000028,EUR,11951.17,10043,1908.17,P,A,C,I,I
300000401,7,20201205,12,20201205,,100000030,EUR,19844.44,16676,3168.44,C,A,S,I,D
300000402,27,20201206,6,20201206,,100000031,EUR,6676.5,5610.5,1066,X,R,X,I,I
300000403,14,20201207,8,20201207,,100000032,EUR,4589.84,3857,732.84,R,R,X,I,I
300000404,23,20201208,33,20201208,,100000032,EUR,1335.78,1122.5,213.28,N,I,I,I,I
300000405,22,20201209,13,20201209,,100000033,EUR,1552.36,1304.5,247.86,X,R,X,I,I
300000406,27,20201210,10,20201210,,100000034,EUR,5854.8,4920,934.8,N,I,I,I,I
300000407,14,20201211,11,20201211,,100000035,EUR,1123.71,944.3,179.41,N,I,I,I,I
300000408,29,20201212,22,20201212,,100000027,EUR,7225.68,6072,1153.68,X,R,X,I,I
300000409,17,20201213,2,20201213,,100000028,EUR,4312.56,3624,688.56,X,R,X,I,I
300000410,3,20201001,16,20201001,,100000030,EUR,9174.9,7710,1464.9,C,A,S,I,D
300000411,15,20201002,15,20201002,,100000035,EUR,604.04,507.6,96.44,X,R,X,I,I
300000412,17,20201003,33,20201003,,100000031,EUR,9534.88,8012.5,1522.38,P,I,S,I,I
300000413,22,20201004,18,20201004,,100000032,EUR,4606.5,3871,735.5,C,A,S,I,D
300000414,5,20201005,19,20201005,,100000032,EUR,1984.93,1668,316.93,C,A,S,I,D
300000415,17,20201006,23,20201006,,100000033,EUR,1941.5,1631.5,310,R,R,X,I,I
300000416,24,20201007,16,20201007,,100000035,EUR,404.12,339.6,64.52,R,R,X,I,I
300000417,4,20201008,18,20201008,,100000031,EUR,956.76,804,152.76,N,I,I,I,I
300000418,25,20201009,26,20201009,,100000030,EUR,7247.1,6090,1157.1,C,A,S,I,D
300000419,17,20201010,23,20201010,,100000027,EUR,12880.56,10824,2056.56,R,R,X,I,I
300000420,12,20201011,13,20201011,,100000028,EUR,9761.57,8203,1558.57,C,A,S,I,D
300000421,20,20201012,22,20201012,,100000030,EUR,1896.86,1594,302.86,N,I,I,I,I
300000422,32,20201013,26,20201013,,100000032,EUR,1972.43,1657.5,314.93,X,R,X,I,I
300000423,15,20201014,31,20201014,,100000033,EUR,782.43,657.5,124.93,N,I,I,I,I
300000424,31,20201015,18,20201015,,100000031,EUR,9528.94,8007.5,1521.44,P,I,S,I,I
300000425,2,20201016,32,20201016,,100000034,EUR,12042.8,10120,1922.8,R,R,X,I,I
300000426,25,20201017,9,20201017,,100000034,EUR,12042.8,10120,1922.8,C,A,S,I,D
300000427,31,20201018,25,20201018,,100000034,EUR,7663.6,6440,1223.6,P,I,S,I,I
300000428,24,20201019,11,20201019,,100000033,EUR,790.77,664.5,126.27,R,R,X,I,I
300000429,32,20201020,11,20201020,,100000035,EUR,635.22,533.8,101.42,C,A,S,I,D
300000430,7,20201021,7,20201021,,100000032,EUR,4606.5,3871,735.5,N,I,I,I,I
300000431,16,20201022,19,20201022,,100000035,EUR,484.21,406.9,77.31,N,I,I,I,I
300000432,13,20201023,22,20201023,,100000032,EUR,4606.5,3871,735.5,R,R,X,I,I
300000433,20,20201024,8,20201024,,100000027,EUR,10053.12,8448,1605.12,P,A,S,I,I
300000434,24,20201025,22,20201025,,100000028,EUR,2206.26,1854,352.26,C,A,S,I,D
300000435,19,20201026,4,20201026,,100000030,EUR,17885.7,15030,2855.7,P,I,C,I,I
300000436,6,20201027,13,20201027,,100000034,EUR,4379.2,3680,699.2,X,R,X,I,I
300000437,8,20201028,22,20201028,,100000031,EUR,8587.05,7216,1371.05,P,I,S,I,I
300000438,7,20201101,13,20201101,,100000032,EUR,5255.64,4416.5,839.14,R,R,X,I,I
300000439,27,20201102,26,20201102,,100000032,EUR,3932.37,3304.5,627.87,R,R,X,I,I
300000440,22,20201103,28,20201103,,100000033,EUR,1755.26,1475,280.26,R,R,X,I,I
300000441,30,20201104,25,20201104,,100000035,EUR,350.93,294.9,56.03,N,I,I,I,I
300000442,27,20201105,23,20201105,,100000030,EUR,3577.14,3006,571.14,R,R,X,I,I
300000443,23,20201106,22,20201106,,100000031,EUR,4765.96,4005,760.96,P,A,C,I,I
300000444,27,20201107,11,20201107,,100000027,EUR,5798.87,4873,925.87,N,I,I,I,I
300000445,16,20201108,32,20201108,,100000028,EUR,9761.57,8203,1558.57,N,I,I,I,I
300000446,12,20201109,27,20201109,,100000030,EUR,1896.86,1594,302.86,N,I,I,I,I
300000447,20,20201110,24,20201110,,100000033,EUR,583.7,490.5,93.2,P,A,C,I,I
300000448,30,20201111,5,20201111,,100000032,EUR,2634.07,2213.5,420.57,C,A,S,I,D
300000449,6,20201112,1,20201112,,100000031,EUR,7636.24,6417,1219.24,P,I,S,I,I
300000450,14,20201113,33,20201113,,100000044,EUR,11689.24,9822.89,1866.35,C,A,S,I,D
300000451,19,20201114,4,20201114,,100000036,EUR,4983.37,4187.7,795.67,C,A,S,I,D
300000452,7,20201115,6,20201115,,100000038,EUR,724.71,609,115.71,X,R,X,I,I
300000453,10,20201116,23,20201116,,100000037,EUR,1872.82,1573.8,299.02,C,A,S,I,D
300000454,13,20201117,27,20201117,,100000037,EUR,1240.46,1042.4,198.06,P,I,C,I,I
300000455,20,20201118,10,20201118,,100000042,EUR,12794.88,10752,2042.88,X,R,X,I,I
300000456,16,20201119,19,20201119,,100000044,EUR,1294.71,1087.99,206.72,C,A,S,I,D
300000457,27,20201120,24,20201120,,100000041,EUR,2645.37,2223,422.37,P,A,C,I,I
300000458,33,20201121,13,20201121,,100000043,EUR,16526.72,13888,2638.72,R,R,X,I,I
300000459,25,20200801,23,20200801,,100000044,EUR,4157.82,3493.96,663.86,C,A,S,I,D
300000460,30,20200802,32,20200802,,100000036,EUR,2751.29,2312,439.29,N,I,I,I,I
300000461,22,20200803,20,20200803,,100000041,EUR,1423.24,1196,227.24,C,A,S,I,D
300000462,19,20200804,10,20200804,,100000038,EUR,1006.74,846,160.74,X,R,X,I,I
300000463,19,20200805,20,20200805,,100000037,EUR,2354.54,1978.6,375.94,N,I,I,I,I
300000464,29,20200806,11,20200806,,100000037,EUR,1318.76,1108.2,210.56,X,R,X,I,I
300000465,33,20200807,17,20200807,,100000042,EUR,16148.3,13570,2578.3,C,A,S,I,D
300000466,23,20200808,16,20200808,,100000041,EUR,959.14,806,153.14,R,R,X,I,I
300000467,8,20200809,13,20200809,,100000038,EUR,132.09,111,21.09,P,A,C,I,I
300000468,12,20200810,29,20200810,,100000036,EUR,1909.36,1604.5,304.86,C,A,S,I,D
300000469,17,20200811,3,20200811,,100000043,EUR,12623.52,10608,2015.52,C,A,S,I,D
300000470,2,20200812,20,20200812,,100000044,EUR,9517.53,7997.91,1519.62,R,R,X,I,I
300000471,13,20200813,1,20200813,,100000036,EUR,744.71,625.8,118.91,X,R,X,I,I
300000472,16,20200814,22,20200814,,100000037,EUR,957.47,804.6,152.87,R,R,X,I,I
300000473,1,20200815,27,20200815,,100000042,EUR,7325.64,6156,1169.64,N,I,I,I,I
300000474,31,20200816,31,20200816,,100000038,EUR,949.62,798,151.62,C,A,S,I,D
300000475,33,20200817,32,20200817,,100000044,EUR,11689.25,9822.89,1866.36,N,I,I,I,I
300000476,1,20200818,14,20200818,,100000044,EUR,11689.24,9822.89,1866.35,P,A,S,I,I
300000477,27,20200819,19,20200819,,100000044,EUR,7438.62,6250.93,1187.69,X,R,X,I,I
300000478,24,20200820,31,20200820,,100000042,EUR,8563.24,7196,1367.24,C,A,S,I,D
300000479,6,20200821,2,20200821,,100000041,EUR,1485.12,1248,237.12,P,A,C,I,I
300000480,33,20200822,19,20200822,,100000037,EUR,2354.54,1978.6,375.94,N,I,I,I,I
300000481,31,20200823,20,20200823,,100000041,EUR,1129.31,949,180.31,N,I,I,I,I
300000482,14,20200824,3,20200824,,100000037,EUR,2354.54,1978.6,375.94,C,A,S,I,D
300000483,20,20200601,24,20200601,,100000043,EUR,14575.12,12248,2327.12,X,R,X,I,I
300000484,23,20200602,24,20200602,,100000044,EUR,2218.14,1863.98,354.16,C,A,S,I,D
300000485,32,20200603,19,20200603,,100000036,EUR,4044.22,3398.5,645.72,X,R,X,I,I
300000486,8,20200604,2,20200604,,100000044,EUR,4250.63,3571.96,678.67,N,I,I,I,I
300000487,27,20200605,8,20200605,,100000038,EUR,960.33,807,153.33,N,I,I,I,I
300000488,9,20200606,24,20200606,,100000037,EUR,2432.84,2044.4,388.44,N,I,I,I,I
300000489,20,20200607,14,20200607,,100000037,EUR,1553.67,1305.6,248.07,R,R,X,I,I
300000490,2,20200608,16,20200608,,100000042,EUR,15709.19,13201,2508.19,C,A,S,I,D
300000491,31,20200609,31,20200609,,100000041,EUR,819.91,689,130.91,R,R,X,I,I
300000492,28,20200610,8,20200610,,100000036,EUR,808.84,679.7,129.14,X,R,X,I,I
300000493,8,20200611,27,20200611,,100000038,EUR,489.09,411,78.09,R,R,X,I,I
300000494,18,20200612,18,20200612,,100000043,EUR,15718.71,13209,2509.71,N,I,I,I,I
300000495,19,20200613,28,20200613,,100000044,EUR,9517.53,7997.91,1519.62,R,R,X,I,I
300000496,30,20200614,25,20200614,,100000036,EUR,744.71,625.8,118.91,C,A,S,I,D
300000497,32,20200615,27,20200615,,100000042,EUR,5030.13,4227,803.13,C,A,S,I,D
300000498,2,20200616,10,20200616,,100000037,EUR,1397.06,1174,223.06,P,I,C,I,I
300000499,12,20200617,33,20200617,,100000038,EUR,885.36,744,141.36,N,I,I,I,I
300000500,23,20200618,6,20200618,,100000000,EUR,13224.47,11113,2111.47,X,R,X,I,I
300000501,8,20200619,33,20200619,,100000002,EUR,12493.73,10498.94,1994.79,C,A,S,I,D
300000502,3,20200620,12,20200620,,100000005,EUR,11666.69,9803.94,1862.75,N,I,I,I,I
300000503,31,20200621,17,20200621,,100000006,EUR,16561.23,13917,2644.23,R,R,X,I,I
300000504,32,20200622,15,20200622,,100000006,EUR,12515.23,10517,1998.23,X,R,X,I,I
300000505,13,20200623,13,20200623,,100000008,EUR,8368.08,7032,1336.08,P,I,C,I,I
300000506,18,20200624,21,20200624,,100000003,EUR,6146.19,5164.87,981.32,N,I,I,I,I
300000507,23,20200625,33,20200625,,100000004,EUR,5720.31,4806.98,913.33,N,I,I,I,I
300000508,32,20200626,12,20200626,,100000009,EUR,4444.17,3734.6,709.57,P,I,C,I,I
300000509,5,20200627,17,20200627,,100000000,EUR,3453.38,2902,551.38,N,I,I,I,I
300000510,17,20200628,1,20200628,,100000002,EUR,8150.94,6849.53,1301.41,X,R,X,I,I
300000511,27,20201126,29,20201126,,100000004,EUR,3040.41,2554.97,485.44,R,R,X,I,I
300000512,30,20201127,1,20201127,,100000005,EUR,18986.39,15954.94,3031.45,P,A,S,I,I
300000513,27,20201128,23,20201128,,100000006,EUR,23408.49,19671,3737.49,R,R,X,I,I
300000514,21,20201201,17,20201201,,100000006,EUR,12515.23,10517,1998.23,P,A,S,I,I
300000515,18,20201202,8,20201202,,100000008,EUR,9971.01,8379,1592.01,R,R,X,I,I
300000516,18,20201203,12,20201203,,100000004,EUR,1829.01,1536.98,292.03,N,I,I,I,I
300000517,10,20201204,18,20201204,,100000005,EUR,5055.11,4247.99,807.12,P,I,C,I,I
300000518,15,20201205,5,20201205,,100000002,EUR,2510.26,2109.47,400.79,R,R,X,I,I
300000519,1,20201206,13,20201206,,100000009,EUR,3974.12,3339.6,634.52,C,A,S,I,D
300000520,11,20201207,17,20201207,,100000000,EUR,10329.2,8680,1649.2,R,R,X,I,I
300000521,29,20201208,33,20201208,,100000002,EUR,2153.64,1809.78,343.86,P,A,C,I,I
300000522,27,20201209,3,20201209,,100000006,EUR,14276.43,11997,2279.43,N,I,I,I,I
300000523,5,20201210,4,20201210,,100000008,EUR,3592.61,3019,573.61,P,I,S,I,I
300000524,10,20201211,26,20201211,,100000005,EUR,14640.47,12302.92,2337.55,N,I,I,I,I
300000525,16,20201212,33,20201212,,100000003,EUR,16748.33,14074.23,2674.1,P,I,S,I,I
300000526,28,20201213,30,20201213,,100000003,EUR,13053.03,10968.94,2084.09,X,R,X,I,I
300000527,17,20201101,30,20201101,,100000003,EUR,8555.55,7189.54,1366.01,P,A,S,I,I
300000528,6,20201102,32,20201102,,100000008,EUR,4977.77,4183,794.77,C,A,S,I,D
300000529,23,20201103,20,20201103,,100000004,EUR,3180.85,2672.98,507.87,N,I,I,I,I
300000530,17,20201104,31,20201104,,100000006,EUR,25366.04,21316,4050.04,P,I,C,I,I
300000531,22,20201105,25,20201105,,100000004,EUR,3470,2915.97,554.03,C,A,S,I,D
300000532,16,20201106,14,20201106,,100000006,EUR,23589.37,19823,3766.37,P,A,C,I,I
300000533,22,20201107,18,20201107,,100000009,EUR,4444.17,3734.6,709.57,N,I,I,I,I
300000534,10,20201108,14,20201108,,100000000,EUR,3453.38,2902,551.38,R,R,X,I,I
300000535,10,20201109,29,20201109,,100000002,EUR,8150.94,6849.53,1301.41,R,R,X,I,I
300000536,14,20201110,28,20201110,,100000003,EUR,4372.85,3674.67,698.18,R,R,X,I,I
300000537,2,20201111,10,20201111,,100000005,EUR,18986.39,15954.94,3031.45,X,R,X,I,I
300000538,7,20201112,19,20201112,,100000006,EUR,23408.49,19671,3737.49,R,R,X,I,I
300000539,27,20201113,29,20201113,,100000006,EUR,12515.23,10517,1998.23,C,A,S,I,D
300000540,21,20201114,30,20201114,,100000008,EUR,9971.01,8379,1592.01,P,I,S,I,I
300000541,5,20201115,11,20201115,,100000004,EUR,1829.01,1536.98,292.03,C,A,S,I,D
300000542,27,20201116,14,20201116,,100000002,EUR,3772.29,3169.99,602.3,N,I,I,I,I
300000543,29,20201126,10,20201126,,100000005,EUR,3729.42,3133.97,595.45,N,I,I,I,I
300000544,12,20201127,29,20201127,,100000009,EUR,4878.64,4099.7,778.94,R,R,X,I,I
300000545,29,20201128,15,20201128,,100000000,EUR,9222.5,7750,1472.5,R,R,X,I,I
300000546,15,20201201,29,20201201,,100000002,EUR,3986.25,3349.79,636.46,R,R,X,I,I
300000547,2,20201202,17,20201202,,100000008,EUR,3334.38,2802,532.38,P,I,S,I,I
300000548,24,20201203,16,20201203,,100000006,EUR,15898.4,13360,2538.4,R,R,X,I,I
300000549,30,20201204,16,20201204,,100000005,EUR,14320.39,12033.94,2286.45,R,R,X,I,I
300000550,28,20201205,22,20201205,,100000026,EUR,19189.94,16126,3063.94,C,A,S,I,D
300000551,25,20201206,33,20201206,,100000025,EUR,327367.81,275099,52268.81,R,R,X,I,I
300000552,16,20201207,32,20201207,,100000022,EUR,21399.77,17983,3416.77,R,R,X,I,I
300000553,19,20201208,31,20201208,,100000024,EUR,72391.27,60833,11558.27,N,I,I,I,I
300000554,23,20201209,6,20201209,,100000024,EUR,125233.22,105238,19995.22,P,I,C,I,I
300000555,31,20201210,11,20201210,,100000021,EUR,11030.11,9269,1761.11,P,I,C,I,I
300000556,19,20201211,21,20201211,,100000023,EUR,35817.81,30099,5718.81,C,A,S,I,D
300000557,8,20201212,10,20201212,,100000019,EUR,5488.28,4612,876.28,C,A,S,I,D
300000558,31,20201213,17,20201213,,100000026,EUR,12195.12,10248,1947.12,C,A,S,I,D
300000559,3,20201101,6,20201101,,100000026,EUR,3505.74,2946,559.74,R,R,X,I,I
300000560,31,20201102,7,20201102,,100000025,EUR,297553.55,250045,47508.55,C,A,S,I,D
300000561,9,20201103,9,20201103,,100000019,EUR,2898.84,2436,462.84,C,A,S,I,D
300000562,2,20201104,10,20201104,,100000022,EUR,27716.29,23291,4425.29,C,A,S,I,D
300000563,24,20201105,18,20201105,,100000024,EUR,143791.27,120833,22958.27,R,R,X,I,I
300000564,21,20201106,16,20201106,,100000024,EUR,107524.83,90357,17167.83,X,R,X,I,I
300000565,27,20201107,13,20201107,,100000021,EUR,14147.91,11889,2258.91,R,R,X,I,I
300000566,4,20201108,4,20201108,,100000019,EUR,1652.91,1389,263.91,P,A,C,I,I
300000567,15,20201109,24,20201109,,100000022,EUR,5911.92,4968,943.92,X,R,X,I,I
300000568,24,20201110,27,20201110,,100000025,EUR,148792.84,125036,23756.84,N,I,I,I,I
300000569,1,20201111,31,20201111,,100000026,EUR,5283.6,4440,843.6,R,R,X,I,I
300000570,10,20201112,14,20201112,,100000026,EUR,13964.65,11735,2229.65,N,I,I,I,I
300000571,25,20201113,18,20201113,,100000025,EUR,119010.71,100009,19001.71,C,A,S,I,D
300000572,7,20201114,32,20201114,,100000024,EUR,53974.83,45357,8617.83,X,R,X,I,I
300000573,14,20201115,12,20201115,,100000021,EUR,7676.69,6451,1225.69,P,I,S,I,I
300000574,13,20201116,25,20201116,,100000022,EUR,22006.67,18493,3513.67,X,R,X,I,I
300000575,12,20201126,22,20201126,,100000023,EUR,66745.91,56089,10656.91,N,I,I,I,I
300000576,18,20201127,23,20201127,,100000023,EUR,66745.91,56089,10656.91,P,A,S,I,I
300000577,12,20201128,21,20201128,,100000023,EUR,42474.67,35693,6781.67,P,I,C,I,I
300000578,16,20201201,4,20201201,,100000021,EUR,10558.87,8873,1685.87,R,R,X,I,I
300000579,5,20201202,12,20201202,,100000019,EUR,3525.97,2963,562.97,X,R,X,I,I
300000580,30,20201203,7,20201203,,100000024,EUR,143791.27,120833,22958.27,R,R,X,I,I
300000581,6,20201204,17,20201204,,100000019,EUR,2801.26,2354,447.26,R,R,X,I,I
300000582,2,20201205,18,20201205,,100000024,EUR,143791.27,120833,22958.27,N,I,I,I,I
300000583,4,20201206,30,20201206,,100000026,EUR,8739.36,7344,1395.36,P,I,S,I,I
300000584,4,20201207,21,20201207,,100000026,EUR,6961.5,5850,1111.5,C,A,S,I,D
300000585,24,20201208,2,20201208,,100000025,EUR,148857.1,125090,23767.1,C,A,S,I,D
300000586,4,20201209,2,20201209,,100000023,EUR,24271.24,20396,3875.24,C,A,S,I,D
300000587,22,20201210,11,20201210,,100000022,EUR,30368.8,25520,4848.8,C,A,S,I,D
300000588,19,20201211,18,20201211,,100000024,EUR,126082.88,105952,20130.88,X,R,X,I,I
300000589,27,20201212,26,20201212,,100000024,EUR,54399.66,45714,8685.66,C,A,S,I,D
300000590,13,20201213,33,20201213,,100000021,EUR,15471.19,13001,2470.19,X,R,X,I,I
300000591,29,20201101,7,20201101,,100000019,EUR,1970.64,1656,314.64,P,A,S,I,I
300000592,11,20201102,23,20201102,,100000025,EUR,29771.42,25018,4753.42,P,I,C,I,I
300000593,23,20201103,17,20201103,,100000022,EUR,12430.74,10446,1984.74,N,I,I,I,I
300000594,29,20201104,13,20201104,,100000026,EUR,12186.79,10241,1945.79,P,A,C,I,I
300000595,7,20201105,15,20201105,,100000026,EUR,13964.65,11735,2229.65,P,I,S,I,I
300000596,18,20201106,8,20201106,,100000025,EUR,119010.71,100009,19001.71,R,R,X,I,I
300000597,1,20201107,27,20201107,,100000021,EUR,4676.7,3930,746.7,C,A,S,I,D
300000598,25,20201108,27,20201108,,100000024,EUR,89816.44,75476,14340.44,P,A,C,I,I
300000599,20,20201109,1,20201109,,100000022,EUR,30166.5,25350,4816.5,R,R,X,I,I
300000600,33,20201110,16,20201110,,100000012,EUR,12209.4,10260,1949.4,P,A,S,I,I
300000601,26,20201111,7,20201111,,100000011,EUR,8491.12,7135.4,1355.72,C,A,S,I,D
300000602,13,20201112,33,20201112,,100000015,EUR,2346.68,1972,374.68,X,R,X,I,I
300000603,3,20201113,4,20201113,,100000013,EUR,5933.58,4986.2,947.38,P,A,C,I,I
300000604,5,20201114,10,20201114,,100000013,EUR,5928.1,4981.6,946.5,P,A,S,I,I
300000605,27,20201115,25,20201115,,100000014,EUR,9080.89,7631,1449.89,C,A,S,I,D
300000606,6,20201116,33,20201116,,100000016,EUR,10253.04,8616,1637.04,C,A,S,I,D
300000607,6,20201126,3,20201126,,100000017,EUR,7275.66,6114,1161.66,X,R,X,I,I
300000608,3,20201127,31,20201127,,100000018,EUR,4551.75,3825,726.75,N,I,I,I,I
300000609,24,20201128,30,20201128,,100000012,EUR,3148.74,2646,502.74,X,R,X,I,I
300000610,28,20201201,29,20201201,,100000011,EUR,4955.51,4164.3,791.21,R,R,X,I,I
300000611,14,20201202,14,20201202,,100000017,EUR,4131.68,3472,659.68,N,I,I,I,I
300000612,1,20201203,21,20201203,,100000015,EUR,3420.06,2874,546.06,P,A,S,I,I
300000613,22,20201204,9,20201204,,100000013,EUR,9608.29,8074.2,1534.09,R,R,X,I,I
300000614,15,20201205,28,20201205,,100000013,EUR,6536.55,5492.9,1043.65,X,R,X,I,I
300000615,18,20201206,12,20201206,,100000014,EUR,10980.13,9227,1753.13,P,A,C,I,I
300000616,2,20201207,2,20201207,,100000017,EUR,3996.02,3358,638.02,X,R,X,I,I
300000617,26,20201208,18,20201208,,100000015,EUR,49.98,42,7.98,C,A,S,I,D
300000618,10,20201209,25,20201209,,100000011,EUR,2343.94,1969.7,374.24,P,A,C,I,I
300000619,3,20201210,25,20201210,,100000018,EUR,2595.39,2181,414.39,C,A,S,I,D
300000620,25,20201211,1,20201211,,100000012,EUR,9107.07,7653,1454.07,P,A,C,I,I
300000621,31,20201212,23,20201212,,100000011,EUR,1514.63,1272.8,241.83,P,A,S,I,I
300000622,7,20201213,8,20201213,,100000013,EUR,4288.64,3603.9,684.74,N,I,I,I,I
300000623,11,20201101,25,20201101,,100000014,EUR,4272.1,3590,682.1,P,A,S,I,I
300000624,22,20201102,32,20201102,,100000015,EUR,2446.64,2056,390.64,P,A,C,I,I
300000625,24,20201103,16,20201103,,100000016,EUR,19189.94,16126,3063.94,N,I,I,I,I
300000626,30,20201104,23,20201104,,100000016,EUR,19189.94,16126,3063.94,N,I,I,I,I
300000627,12,20201105,9,20201105,,100000016,EUR,12211.78,10262,1949.78,P,I,C,I,I
300000628,30,20201106,4,20201106,,100000014,EUR,8752.45,7355,1397.45,N,I,I,I,I
300000629,5,20201107,15,20201107,,100000017,EUR,2291.94,1926,365.94,N,I,I,I,I
300000630,1,20201108,21,20201108,,100000013,EUR,11640.81,9782.2,1858.61,X,R,X,I,I
300000631,14,20201109,19,20201109,,100000017,EUR,5971.42,5018,953.42,N,I,I,I,I
300000632,14,20201110,30,20201110,,100000013,EUR,9401.11,7900.1,1501.01,R,R,X,I,I
300000633,4,20201111,1,20201111,,100000018,EUR,3573.57,3003,570.57,X,R,X,I,I
300000634,25,20201112,18,20201112,,100000012,EUR,3148.74,2646,502.74,N,I,I,I,I
300000635,26,20201113,22,20201113,,100000011,EUR,7783.31,6540.6,1242.71,N,I,I,I,I
300000636,17,20201114,10,20201114,,100000016,EUR,6978.16,5864,1114.16,N,I,I,I,I
300000637,6,20201115,6,20201115,,100000015,EUR,3420.06,2874,546.06,R,R,X,I,I
300000638,5,20201116,3,20201116,,100000013,EUR,9608.29,8074.2,1534.09,P,A,C,I,I
300000639,2,20201126,6,20201126,,100000013,EUR,6536.55,5492.9,1043.65,R,R,X,I,I
300000640,21,20201127,10,20201127,,100000014,EUR,10980.13,9227,1753.13,R,R,X,I,I
300000641,5,20201128,31,20201128,,100000017,EUR,3996.02,3358,638.02,N,I,I,I,I
300000642,8,20201201,9,20201201,,100000011,EUR,1909.83,1604.9,304.93,R,R,X,I,I
300000643,26,20201202,33,20201202,,100000015,EUR,2708.44,2276,432.44,N,I,I,I,I
300000644,19,20201203,27,20201203,,100000018,EUR,2990.47,2513,477.47,X,R,X,I,I
300000645,16,20201204,11,20201204,,100000012,EUR,9399.81,7899,1500.81,N,I,I,I,I
300000646,26,20201205,22,20201205,,100000011,EUR,2191.74,1841.8,349.94,X,R,X,I,I
300000647,30,20201206,12,20201206,,100000014,EUR,6379.59,5361,1018.59,R,R,X,I,I
300000648,7,20201207,32,20201207,,100000013,EUR,4704.66,3953.5,751.16,R,R,X,I,I
300000649,5,20201208,30,20201208,,100000015,EUR,3320.1,2790,530.1,C,A,S,I,D
300000650,29,20201209,9,20201209,,100000028,EUR,11951.17,10043,1908.17,N,I,I,I,I
300000651,13,20201210,30,20201210,,100000030,EUR,19844.44,16676,3168.44,C,A,S,I,D
300000652,23,20201211,22,20201211,,100000031,EUR,6676.5,5610.5,1066,C,A,S,I,D
300000653,33,20201212,24,20201212,,100000032,EUR,4589.84,3857,732.84,C,A,S,I,D
300000654,6,20201213,18,20201213,,100000032,EUR,1335.78,1122.5,213.28,P,I,S,I,I
300000655,17,20201101,5,20201101,,100000033,EUR,1552.36,1304.5,247.86,P,A,C,I,I
300000656,12,20201102,24,20201102,,100000034,EUR,5854.8,4920,934.8,X,R,X,I,I
300000657,24,20201103,3,20201103,,100000035,EUR,1123.71,944.3,179.41,X,R,X,I,I
300000658,14,20201104,21,20201104,,100000027,EUR,7225.68,6072,1153.68,N,I,I,I,I
300000659,31,20201105,5,20201105,,100000028,EUR,4312.56,3624,688.56,C,A,S,I,D
300000660,22,20201106,14,20201106,,100000030,EUR,9174.9,7710,1464.9,P,A,S,I,I
300000661,9,20201107,4,20201107,,100000035,EUR,604.04,507.6,96.44,R,R,X,I,I
300000662,23,20201108,14,20201108,,100000031,EUR,9534.88,8012.5,1522.38,P,I,S,I,I
300000663,31,20201109,29,20201109,,100000032,EUR,4606.5,3871,735.5,P,I,S,I,I
300000664,7,20201110,3,20201110,,100000032,EUR,1984.93,1668,316.93,N,I,I,I,I
300000665,3,20201111,26,20201111,,100000033,EUR,1941.5,1631.5,310,P,A,C,I,I
300000666,12,20201112,8,20201112,,100000035,EUR,404.12,339.6,64.52,X,R,X,I,I
300000667,7,20201113,26,20201113,,100000031,EUR,956.76,804,152.76,X,R,X,I,I
300000668,13,20201114,22,20201114,,100000030,EUR,7247.1,6090,1157.1,P,A,C,I,I
300000669,2,20201115,4,20201115,,100000027,EUR,12880.56,10824,2056.56,P,I,S,I,I
300000670,28,20201116,26,20201116,,100000028,EUR,9761.57,8203,1558.57,N,I,I,I,I
300000671,21,20201126,21,20201126,,100000030,EUR,1896.86,1594,302.86,X,R,X,I,I
300000672,9,20201127,8,20201127,,100000032,EUR,1972.43,1657.5,314.93,R,R,X,I,I
300000673,1,20201128,2,20201128,,100000033,EUR,782.43,657.5,124.93,P,I,S,I,I
300000674,17,20201201,27,20201201,,100000031,EUR,9528.94,8007.5,1521.44,P,A,S,I,I
300000675,23,20201202,17,20201202,,100000034,EUR,12042.8,10120,1922.8,X,R,X,I,I
300000676,6,20201203,33,20201203,,100000034,EUR,12042.8,10120,1922.8,C,A,S,I,D
300000677,27,20201204,19,20201204,,100000034,EUR,7663.6,6440,1223.6,N,I,I,I,I
300000678,7,20201205,10,20201205,,100000033,EUR,790.77,664.5,126.27,P,A,S,I,I
300000679,2,20201206,19,20201206,,100000035,EUR,635.22,533.8,101.42,P,I,C,I,I
300000680,5,20201207,8,20201207,,100000032,EUR,4606.5,3871,735.5,C,A,S,I,D
300000681,17,20201208,5,20201208,,100000035,EUR,484.21,406.9,77.31,R,R,X,I,I
300000682,4,20201209,22,20201209,,100000032,EUR,4606.5,3871,735.5,N,I,I,I,I
300000683,24,20201210,2,20201210,,100000027,EUR,10053.12,8448,1605.12,C,A,S,I,D
300000684,24,20201211,16,20201211,,100000028,EUR,2206.26,1854,352.26,N,I,I,I,I
300000685,3,20201212,30,20201212,,100000030,EUR,17885.7,15030,2855.7,X,R,X,I,I
300000686,5,20201213,5,20201213,,100000034,EUR,4379.2,3680,699.2,X,R,X,I,I
300000687,9,20201101,16,20201101,,100000031,EUR,8587.05,7216,1371.05,C,A,S,I,D
300000688,33,20201102,31,20201102,,100000032,EUR,5255.64,4416.5,839.14,R,R,X,I,I
300000689,33,20201103,5,20201103,,100000032,EUR,3932.37,3304.5,627.87,N,I,I,I,I
300000690,17,20201104,2,20201104,,100000033,EUR,1755.26,1475,280.26,R,R,X,I,I
300000691,31,20201105,16,20201105,,100000035,EUR,350.93,294.9,56.03,P,A,S,I,I
300000692,26,20201106,15,20201106,,100000030,EUR,3577.14,3006,571.14,C,A,S,I,D
300000693,1,20201107,19,20201107,,100000031,EUR,4765.96,4005,760.96,C,A,S,I,D
300000694,25,20201108,1,20201108,,100000027,EUR,5798.87,4873,925.87,C,A,S,I,D
300000695,33,20201109,10,20201109,,100000028,EUR,9761.57,8203,1558.57,R,R,X,I,I
300000696,15,20201110,22,20201110,,100000030,EUR,1896.86,1594,302.86,X,R,X,I,I
300000697,20,20201111,1,20201111,,100000033,EUR,583.7,490.5,93.2,R,R,X,I,I
300000698,25,20201112,28,20201112,,100000032,EUR,2634.07,2213.5,420.57,N,I,I,I,I
300000699,23,20201113,19,20201113,,100000031,EUR,7636.24,6417,1219.24,P,A,S,I,I
300000700,8,20201114,22,20201114,,100000044,EUR,11689.24,9822.89,1866.35,N,I,I,I,I
300000701,31,20201115,20,20201115,,100000036,EUR,4983.37,4187.7,795.67,C,A,S,I,D
300000702,12,20201116,23,20201116,,100000038,EUR,724.71,609,115.71,R,R,X,I,I
300000703,15,20201001,1,20201001,,100000037,EUR,1872.82,1573.8,299.02,C,A,S,I,D
300000704,11,20201002,32,20201002,,100000037,EUR,1240.46,1042.4,198.06,P,A,C,I,I
300000705,24,20201003,33,20201003,,100000042,EUR,12794.88,10752,2042.88,N,I,I,I,I
300000706,3,20201004,21,20201004,,100000044,EUR,1294.71,1087.99,206.72,C,A,S,I,D
300000707,22,20201005,28,20201005,,100000041,EUR,2645.37,2223,422.37,X,R,X,I,I
300000708,25,20201006,29,20201006,,100000043,EUR,16526.72,13888,2638.72,C,A,S,I,D
300000709,15,20201007,6,20201007,,100000044,EUR,4157.82,3493.96,663.86,R,R,X,I,I
300000710,18,20201008,28,20201008,,100000036,EUR,2751.29,2312,439.29,P,I,S,I,I
300000711,11,20201009,21,20201009,,100000041,EUR,1423.24,1196,227.24,N,I,I,I,I
300000712,26,20201010,13,20201010,,100000038,EUR,1006.74,846,160.74,P,I,S,I,I
300000713,15,20201011,32,20201011,,100000037,EUR,2354.54,1978.6,375.94,R,R,X,I,I
300000714,5,20201012,1,20201012,,100000037,EUR,1318.76,1108.2,210.56,P,A,S,I,I
300000715,10,20201013,2,20201013,,100000042,EUR,16148.3,13570,2578.3,N,I,I,I,I
300000716,31,20201014,23,20201014,,100000041,EUR,959.14,806,153.14,P,I,C,I,I
300000717,6,20201015,14,20201015,,100000038,EUR,132.09,111,21.09,N,I,I,I,I
300000718,21,20201016,10,20201016,,100000036,EUR,1909.36,1604.5,304.86,R,R,X,I,I
300000719,14,20201017,25,20201017,,100000043,EUR,12623.52,10608,2015.52,X,R,X,I,I
300000720,10,20201018,23,20201018,,100000044,EUR,9517.53,7997.91,1519.62,P,A,C,I,I
300000721,32,20201019,8,20201019,,100000036,EUR,744.71,625.8,118.91,P,A,C,I,I
300000722,1,20201020,33,20201020,,100000037,EUR,957.47,804.6,152.87,P,A,C,I,I
300000723,25,20201021,8,20201021,,100000042,EUR,7325.64,6156,1169.64,C,A,S,I,D
300000724,23,20201022,9,20201022,,100000038,EUR,949.62,798,151.62,P,I,S,I,I
300000725,24,20201023,31,20201023,,100000044,EUR,11689.25,9822.89,1866.36,R,R,X,I,I
300000726,31,20201024,14,20201024,,100000044,EUR,11689.24,9822.89,1866.35,X,R,X,I,I
300000727,30,20201025,14,20201025,,100000044,EUR,7438.62,6250.93,1187.69,R,R,X,I,I
300000728,25,20201026,13,20201026,,100000042,EUR,8563.24,7196,1367.24,R,R,X,I,I
300000729,31,20201027,28,20201027,,100000041,EUR,1485.12,1248,237.12,R,R,X,I,I
300000730,24,20201028,18,20201028,,100000037,EUR,2354.54,1978.6,375.94,P,A,C,I,I
300000731,15,20201029,21,20201029,,100000041,EUR,1129.31,949,180.31,R,R,X,I,I
300000732,25,20201007,19,20201007,,100000037,EUR,2354.54,1978.6,375.94,N,I,I,I,I
300000733,4,20201008,10,20201008,,100000043,EUR,14575.12,12248,2327.12,R,R,X,I,I
300000734,7,20201009,19,20201009,,100000044,EUR,2218.14,1863.98,354.16,C,A,S,I,D
300000735,16,20201010,22,20201010,,100000036,EUR,4044.22,3398.5,645.72,X,R,X,I,I
300000736,2,20201011,8,20201011,,100000044,EUR,4250.63,3571.96,678.67,X,R,X,I,I
300000737,18,20201012,3,20201012,,100000038,EUR,960.33,807,153.33,P,I,C,I,I
300000738,1,20201013,1,20201013,,100000037,EUR,2432.84,2044.4,388.44,C,A,S,I,D
300000739,31,20201014,11,20201014,,100000037,EUR,1553.67,1305.6,248.07,N,I,I,I,I
300000740,5,20201015,1,20201015,,100000042,EUR,15709.19,13201,2508.19,C,A,S,I,D
300000741,31,20201016,26,20201016,,100000041,EUR,819.91,689,130.91,C,A,S,I,D
300000742,22,20201017,19,20201017,,100000036,EUR,808.84,679.7,129.14,C,A,S,I,D
300000743,10,20201018,31,20201018,,100000038,EUR,489.09,411,78.09,X,R,X,I,I
300000744,19,20201019,20,20201019,,100000043,EUR,15718.71,13209,2509.71,C,A,S,I,D
300000745,20,20201020,3,20201020,,100000044,EUR,9517.53,7997.91,1519.62,C,A,S,I,D
300000746,15,20201021,5,20201021,,100000036,EUR,744.71,625.8,118.91,P,A,S,I,I
300000747,18,20201022,3,20201022,,100000042,EUR,5030.13,4227,803.13,X,R,X,I,I
300000748,11,20201023,6,20201023,,100000037,EUR,1397.06,1174,223.06,R,R,X,I,I
300000749,32,20201024,14,20201024,,100000038,EUR,885.36,744,141.36,P,A,S,I,I
300000750,26,20201025,31,20201025,,100000000,EUR,13224.47,11113,2111.47,C,A,S,I,D
300000751,27,20201026,33,20201026,,100000002,EUR,12493.73,10498.94,1994.79,C,A,S,I,D
300000752,15,20201007,14,20201007,,100000005,EUR,11666.69,9803.94,1862.75,X,R,X,I,I
300000753,33,20201008,19,20201008,,100000006,EUR,16561.23,13917,2644.23,R,R,X,I,I
300000754,1,20201009,6,20201009,,100000006,EUR,12515.23,10517,1998.23,N,I,I,I,I
300000755,24,20201010,13,20201010,,100000008,EUR,8368.08,7032,1336.08,C,A,S,I,D
300000756,19,20201011,16,20201011,,100000003,EUR,6146.19,5164.87,981.32,R,R,X,I,I
300000757,7,20201012,15,20201012,,100000004,EUR,5720.31,4806.98,913.33,R,R,X,I,I
300000758,29,20201013,12,20201013,,100000009,EUR,4444.17,3734.6,709.57,C,A,S,I,D
300000759,7,20201014,31,20201014,,100000000,EUR,3453.38,2902,551.38,P,A,S,I,I
300000760,16,20201015,13,20201015,,100000002,EUR,8150.94,6849.53,1301.41,R,R,X,I,I
300000761,19,20201016,8,20201016,,100000004,EUR,3040.41,2554.97,485.44,R,R,X,I,I
300000762,18,20201017,7,20201017,,100000005,EUR,18986.39,15954.94,3031.45,C,A,S,I,D
300000763,32,20201018,19,20201018,,100000006,EUR,23408.49,19671,3737.49,C,A,S,I,D
300000764,32,20201019,29,20201019,,100000006,EUR,12515.23,10517,1998.23,N,I,I,I,I
300000765,9,20201020,6,20201020,,100000008,EUR,9971.01,8379,1592.01,P,I,C,I,I
300000766,3,20201021,20,20201021,,100000004,EUR,1829.01,1536.98,292.03,X,R,X,I,I
300000767,18,20201022,15,20201022,,100000005,EUR,5055.11,4247.99,807.12,P,A,S,I,I
300000768,12,20201023,14,20201023,,100000002,EUR,2510.26,2109.47,400.79,P,A,C,I,I
300000769,23,20201024,19,20201024,,100000009,EUR,3974.12,3339.6,634.52,P,A,C,I,I
300000770,19,20201025,10,20201025,,100000000,EUR,10329.2,8680,1649.2,R,R,X,I,I
300000771,24,20201026,29,20201026,,100000002,EUR,2153.64,1809.78,343.86,C,A,S,I,D
300000772,21,20201007,33,20201007,,100000006,EUR,14276.43,11997,2279.43,N,I,I,I,I
300000773,16,20201008,25,20201008,,100000008,EUR,3592.61,3019,573.61,X,R,X,I,I
300000774,2,20201009,13,20201009,,100000005,EUR,14640.47,12302.92,2337.55,P,I,C,I,I
300000775,30,20201010,21,20201010,,100000003,EUR,16748.33,14074.23,2674.1,N,I,I,I,I
300000776,11,20201011,2,20201011,,100000003,EUR,13053.03,10968.94,2084.09,R,R,X,I,I
300000777,13,20201012,14,20201012,,100000003,EUR,8555.55,7189.54,1366.01,N,I,I,I,I
300000778,7,20201013,31,20201013,,100000008,EUR,4977.77,4183,794.77,R,R,X,I,I
300000779,9,20201014,2,20201014,,100000004,EUR,3180.85,2672.98,507.87,N,I,I,I,I
300000780,4,20201015,13,20201015,,100000006,EUR,25366.04,21316,4050.04,C,A,S,I,D
300000781,23,20201016,33,20201016,,100000004,EUR,3470,2915.97,554.03,R,R,X,I,I
300000782,23,20201017,3,20201017,,100000006,EUR,23589.37,19823,3766.37,N,I,I,I,I
300000783,12,20201018,7,20201018,,100000009,EUR,4444.17,3734.6,709.57,R,R,X,I,I
300000784,4,20201019,33,20201019,,100000000,EUR,3453.38,2902,551.38,R,R,X,I,I
300000785,20,20201020,32,20201020,,100000002,EUR,8150.94,6849.53,1301.41,N,I,I,I,I
300000786,3,20201021,12,20201021,,100000003,EUR,4372.85,3674.67,698.18,P,A,S,I,I
300000787,21,20201022,29,20201022,,100000005,EUR,18986.39,15954.94,3031.45,N,I,I,I,I
300000788,21,20201023,25,20201023,,100000006,EUR,23408.49,19671,3737.49,R,R,X,I,I
300000789,33,20201024,15,20201024,,100000006,EUR,12515.23,10517,1998.23,R,R,X,I,I
300000790,18,20201025,1,20201025,,100000008,EUR,9971.01,8379,1592.01,X,R,X,I,I
300000791,9,20201026,19,20201026,,100000004,EUR,1829.01,1536.98,292.03,R,R,X,I,I
300000792,6,20201007,12,20201007,,100000002,EUR,3772.29,3169.99,602.3,R,R,X,I,I
300000793,9,20201008,16,20201008,,100000005,EUR,3729.42,3133.97,595.45,C,A,S,I,D
300000794,22,20201009,11,20201009,,100000009,EUR,4878.64,4099.7,778.94,R,R,X,I,I
300000795,18,20201010,4,20201010,,100000000,EUR,9222.5,7750,1472.5,N,I,I,I,I
300000796,33,20201011,15,20201011,,100000002,EUR,3986.25,3349.79,636.46,N,I,I,I,I
300000797,19,20201012,19,20201012,,100000008,EUR,3334.38,2802,532.38,C,A,S,I,D
300000798,27,20201013,16,20201013,,100000006,EUR,15898.4,13360,2538.4,N,I,I,I,I
300000799,22,20201014,9,20201014,,100000005,EUR,14320.39,12033.94,2286.45,N,I,I,I,I
300000800,23,20201015,24,20201015,,100000026,EUR,19189.94,16126,3063.94,R,R,X,I,I
300000801,18,20201016,4,20201016,,100000025,EUR,327367.81,275099,52268.81,N,I,I,I,I
300000802,33,20201017,26,20201017,,100000022,EUR,21399.77,17983,3416.77,X,R,X,I,I
300000803,2,20201018,9,20201018,,100000024,EUR,72391.27,60833,11558.27,R,R,X,I,I
300000804,20,20201019,15,20201019,,100000024,EUR,125233.22,105238,19995.22,N,I,I,I,I
300000805,17,20201020,18,20201020,,100000021,EUR,11030.11,9269,1761.11,C,A,S,I,D
300000806,18,20201021,31,20201021,,100000023,EUR,35817.81,30099,5718.81,R,R,X,I,I
300000807,25,20201022,17,20201022,,100000019,EUR,5488.28,4612,876.28,P,A,S,I,I
300000808,11,20201023,17,20201023,,100000026,EUR,12195.12,10248,1947.12,N,I,I,I,I
300000809,20,20201024,4,20201024,,100000026,EUR,3505.74,2946,559.74,C,A,S,I,D
300000810,9,20201025,23,20201025,,100000025,EUR,297553.55,250045,47508.55,R,R,X,I,I
300000811,32,20201026,33,20201026,,100000019,EUR,2898.84,2436,462.84,R,R,X,I,I
300000812,22,20200101,8,20200101,,100000022,EUR,27716.29,23291,4425.29,C,A,S,I,D
300000813,30,20200102,27,20200102,,100000024,EUR,143791.27,120833,22958.27,N,I,I,I,I
300000814,28,20200103,16,20200103,,100000024,EUR,107524.83,90357,17167.83,R,R,X,I,I
300000815,24,20200104,6,20200104,,100000021,EUR,14147.91,11889,2258.91,X,R,X,I,I
300000816,26,20200105,20,20200105,,100000019,EUR,1652.91,1389,263.91,N,I,I,I,I
300000817,32,20200106,23,20200106,,100000022,EUR,5911.92,4968,943.92,N,I,I,I,I
300000818,7,20200107,4,20200107,,100000025,EUR,148792.84,125036,23756.84,N,I,I,I,I
300000819,4,20200108,6,20200108,,100000026,EUR,5283.6,4440,843.6,X,R,X,I,I
300000820,19,20200109,27,20200109,,100000026,EUR,13964.65,11735,2229.65,X,R,X,I,I
300000821,1,20200110,26,20200110,,100000025,EUR,119010.71,100009,19001.71,P,A,S,I,I
300000822,19,20200111,5,20200111,,100000024,EUR,53974.83,45357,8617.83,N,I,I,I,I
300000823,18,20200112,15,20200112,,100000021,EUR,7676.69,6451,1225.69,N,I,I,I,I
300000824,2,20200113,32,20200113,,100000022,EUR,22006.67,18493,3513.67,C,A,S,I,D
300000825,29,20200114,30,20200114,,100000023,EUR,66745.91,56089,10656.91,C,A,S,I,D
300000826,21,20200115,10,20200115,,100000023,EUR,66745.91,56089,10656.91,R,R,X,I,I
300000827,30,20200116,19,20200116,,100000023,EUR,42474.67,35693,6781.67,X,R,X,I,I
300000828,33,20200117,17,20200117,,100000021,EUR,10558.87,8873,1685.87,R,R,X,I,I
300000829,33,20200118,31,20200118,,100000019,EUR,3525.97,2963,562.97,R,R,X,I,I
300000830,31,20200119,7,20200119,,100000024,EUR,143791.27,120833,22958.27,R,R,X,I,I
300000831,14,20200120,15,20200120,,100000019,EUR,2801.26,2354,447.26,P,I,C,I,I
300000832,3,20200121,14,20200121,,100000024,EUR,143791.27,120833,22958.27,C,A,S,I,D
300000833,16,20200122,13,20200122,,100000026,EUR,8739.36,7344,1395.36,P,A,S,I,I
300000834,3,20200123,15,20200123,,100000026,EUR,6961.5,5850,1111.5,C,A,S,I,D
300000835,14,20200124,21,20200124,,100000025,EUR,148857.1,125090,23767.1,N,I,I,I,I
300000836,25,20200125,20,20200125,,100000023,EUR,24271.24,20396,3875.24,X,R,X,I,I
300000837,16,20200126,17,20200126,,100000022,EUR,30368.8,25520,4848.8,N,I,I,I,I
300000838,13,20200127,3,20200127,,100000024,EUR,126082.88,105952,20130.88,R,R,X,I,I
300000839,24,20200128,31,20200128,,100000024,EUR,54399.66,45714,8685.66,C,A,S,I,D
300000840,32,20200106,18,20200106,,100000021,EUR,15471.19,13001,2470.19,P,A,S,I,I
300000841,33,20200107,19,20200107,,100000019,EUR,1970.64,1656,314.64,C,A,S,I,D
300000842,32,20200108,18,20200108,,100000025,EUR,29771.42,25018,4753.42,R,R,X,I,I
300000843,9,20200109,15,20200109,,100000022,EUR,12430.74,10446,1984.74,C,A,S,I,D
300000844,16,20200110,26,20200110,,100000026,EUR,12186.79,10241,1945.79,C,A,S,I,D
300000845,5,20200111,18,20200111,,100000026,EUR,13964.65,11735,2229.65,N,I,I,I,I
300000846,26,20200112,26,20200112,,100000025,EUR,119010.71,100009,19001.71,C,A,S,I,D
300000847,29,20200113,24,20200113,,100000021,EUR,4676.7,3930,746.7,R,R,X,I,I
300000848,32,20200114,6,20200114,,100000024,EUR,89816.44,75476,14340.44,N,I,I,I,I
300000849,23,20200115,30,20200115,,100000022,EUR,30166.5,25350,4816.5,R,R,X,I,I
300000850,28,20200116,11,20200116,,100000012,EUR,12209.4,10260,1949.4,X,R,X,I,I
300000851,1,20200117,17,20200117,,100000011,EUR,8491.12,7135.4,1355.72,C,A,S,I,D
300000852,28,20200118,32,20200118,,100000015,EUR,2346.68,1972,374.68,C,A,S,I,D
300000853,23,20200119,6,20200119,,100000013,EUR,5933.58,4986.2,947.38,X,R,X,I,I
300000854,17,20200120,26,20200120,,100000013,EUR,5928.1,4981.6,946.5,P,A,C,I,I
300000855,29,20200121,5,20200121,,100000014,EUR,9080.89,7631,1449.89,R,R,X,I,I
300000856,9,20200122,24,20200122,,100000016,EUR,10253.04,8616,1637.04,C,A,S,I,D
300000857,4,20200123,2,20200123,,100000017,EUR,7275.66,6114,1161.66,X,R,X,I,I
300000858,24,20200124,24,20200124,,100000018,EUR,4551.75,3825,726.75,N,I,I,I,I
300000859,24,20200125,21,20200125,,100000012,EUR,3148.74,2646,502.74,C,A,S,I,D
300000860,33,20200126,1,20200126,,100000011,EUR,4955.51,4164.3,791.21,R,R,X,I,I
300000861,17,20200127,2,20200127,,100000017,EUR,4131.68,3472,659.68,C,A,S,I,D
300000862,26,20200128,14,20200128,,100000015,EUR,3420.06,2874,546.06,R,R,X,I,I
300000863,6,20200106,13,20200106,,100000013,EUR,9608.29,8074.2,1534.09,C,A,S,I,D
300000864,33,20200107,1,20200107,,100000013,EUR,6536.55,5492.9,1043.65,R,R,X,I,I
300000865,31,20200108,32,20200108,,100000014,EUR,10980.13,9227,1753.13,P,A,C,I,I
300000866,33,20200109,33,20200109,,100000017,EUR,3996.02,3358,638.02,N,I,I,I,I
300000867,26,20200110,28,20200110,,100000015,EUR,49.98,42,7.98,C,A,S,I,D
300000868,3,20200111,29,20200111,,100000011,EUR,2343.94,1969.7,374.24,P,A,S,I,I
300000869,33,20200112,17,20200112,,100000018,EUR,2595.39,2181,414.39,N,I,I,I,I
300000870,25,20200113,17,20200113,,100000012,EUR,9107.07,7653,1454.07,N,I,I,I,I
300000871,6,20200114,18,20200114,,100000011,EUR,1514.63,1272.8,241.83,R,R,X,I,I
300000872,26,20200115,3,20200115,,100000013,EUR,4288.64,3603.9,684.74,R,R,X,I,I
300000873,29,20200116,16,20200116,,100000014,EUR,4272.1,3590,682.1,C,A,S,I,D
300000874,26,20200117,15,20200117,,100000015,EUR,2446.64,2056,390.64,C,A,S,I,D
300000875,17,20200118,30,20200118,,100000016,EUR,19189.94,16126,3063.94,N,I,I,I,I
300000876,19,20200119,22,20200119,,100000016,EUR,19189.94,16126,3063.94,R,R,X,I,I
300000877,30,20200120,12,20200120,,100000016,EUR,12211.78,10262,1949.78,N,I,I,I,I
300000878,31,20200121,16,20200121,,100000014,EUR,8752.45,7355,1397.45,X,R,X,I,I
300000879,9,20200122,6,20200122,,100000017,EUR,2291.94,1926,365.94,P,A,C,I,I
300000880,23,20200123,7,20200123,,100000013,EUR,11640.81,9782.2,1858.61,R,R,X,I,I
300000881,15,20200124,2,20200124,,100000017,EUR,5971.42,5018,953.42,C,A,S,I,D
300000882,16,20200125,25,20200125,,100000013,EUR,9401.11,7900.1,1501.01,C,A,S,I,D
300000883,25,20200126,10,20200126,,100000018,EUR,3573.57,3003,570.57,P,I,C,I,I
300000884,1,20200127,26,20200127,,100000012,EUR,3148.74,2646,502.74,X,R,X,I,I
300000885,10,20200128,15,20200128,,100000011,EUR,7783.31,6540.6,1242.71,P,A,C,I,I
300000886,7,20191201,8,20191201,,100000016,EUR,6978.16,5864,1114.16,X,R,X,I,I
300000887,29,20191202,8,20191202,,100000015,EUR,3420.06,2874,546.06,C,A,S,I,D
300000888,2,20191203,8,20191203,,100000013,EUR,9608.29,8074.2,1534.09,X,R,X,I,I
300000889,1,20191204,10,20191204,,100000013,EUR,6536.55,5492.9,1043.65,X,R,X,I,I
300000890,10,20191205,26,20191205,,100000014,EUR,10980.13,9227,1753.13,P,A,S,I,I
300000891,33,20191206,29,20191206,,100000017,EUR,3996.02,3358,638.02,X,R,X,I,I
300000892,24,20191207,4,20191207,,100000011,EUR,1909.83,1604.9,304.93,P,A,C,I,I
300000893,8,20191208,11,20191208,,100000015,EUR,2708.44,2276,432.44,C,A,S,I,D
300000894,17,20191209,21,20191209,,100000018,EUR,2990.47,2513,477.47,P,I,C,I,I
300000895,9,20191210,10,20191210,,100000012,EUR,9399.81,7899,1500.81,R,R,X,I,I
300000896,8,20191211,13,20191211,,100000011,EUR,2191.74,1841.8,349.94,N,I,I,I,I
300000897,15,20191212,16,20191212,,100000014,EUR,6379.59,5361,1018.59,X,R,X,I,I
300000898,19,20191213,20,20191213,,100000013,EUR,4704.66,3953.5,751.16,N,I,I,I,I
300000899,7,20191214,14,20191214,,100000015,EUR,3320.1,2790,530.1,P,A,C,I,I
300000900,5,20191215,24,20191215,,100000028,EUR,11951.17,10043,1908.17,R,R,X,I,I
300000901,14,20191216,19,20191216,,100000030,EUR,19844.44,16676,3168.44,N,I,I,I,I
300000902,32,20191217,21,20191217,,100000031,EUR,6676.5,5610.5,1066,P,I,S,I,I
300000903,29,20191218,7,20191218,,100000032,EUR,4589.84,3857,732.84,C,A,S,I,D
300000904,3,20191219,26,20191219,,100000032,EUR,1335.78,1122.5,213.28,C,A,S,I,D
300000905,17,20191220,26,20191220,,100000033,EUR,1552.36,1304.5,247.86,N,I,I,I,I
300000906,9,20191221,14,20191221,,100000034,EUR,5854.8,4920,934.8,X,R,X,I,I
300000907,30,20191222,13,20191222,,100000035,EUR,1123.71,944.3,179.41,P,A,S,I,I
300000908,25,20191223,8,20191223,,100000027,EUR,7225.68,6072,1153.68,N,I,I,I,I
300000909,33,20191224,5,20191224,,100000028,EUR,4312.56,3624,688.56,C,A,S,I,D
300000910,11,20191225,20,20191225,,100000030,EUR,9174.9,7710,1464.9,P,I,S,I,I
300000911,3,20201101,2,20201101,,100000035,EUR,604.04,507.6,96.44,N,I,I,I,I
300000912,20,20201102,20,20201102,,100000031,EUR,9534.88,8012.5,1522.38,C,A,S,I,D
300000913,13,20201103,3,20201103,,100000032,EUR,4606.5,3871,735.5,R,R,X,I,I
300000914,21,20201104,8,20201104,,100000032,EUR,1984.93,1668,316.93,C,A,S,I,D
300000915,2,20201105,19,20201105,,100000033,EUR,1941.5,1631.5,310,N,I,I,I,I
300000916,10,20201106,5,20201106,,100000035,EUR,404.12,339.6,64.52,P,A,S,I,I
300000917,30,20201107,28,20201107,,100000031,EUR,956.76,804,152.76,C,A,S,I,D
300000918,28,20201108,32,20201108,,100000030,EUR,7247.1,6090,1157.1,C,A,S,I,D
300000919,22,20201109,21,20201109,,100000027,EUR,12880.56,10824,2056.56,C,A,S,I,D
300000920,12,20201110,29,20201110,,100000028,EUR,9761.57,8203,1558.57,P,A,S,I,I
300000921,11,20201111,32,20201111,,100000030,EUR,1896.86,1594,302.86,P,I,S,I,I
300000922,19,20201112,7,20201112,,100000032,EUR,1972.43,1657.5,314.93,R,R,X,I,I
300000923,11,20201113,3,20201113,,100000033,EUR,782.43,657.5,124.93,P,I,C,I,I
300000924,18,20201114,7,20201114,,100000031,EUR,9528.94,8007.5,1521.44,X,R,X,I,I
300000925,3,20201115,2,20201115,,100000034,EUR,12042.8,10120,1922.8,P,I,S,I,I
300000926,13,20201116,2,20201116,,100000034,EUR,12042.8,10120,1922.8,R,R,X,I,I
300000927,10,20201117,20,20201117,,100000034,EUR,7663.6,6440,1223.6,X,R,X,I,I
300000928,6,20201118,10,20201118,,100000033,EUR,790.77,664.5,126.27,P,A,S,I,I
300000929,10,20201119,27,20201119,,100000035,EUR,635.22,533.8,101.42,R,R,X,I,I
300000930,6,20201120,11,20201120,,100000032,EUR,4606.5,3871,735.5,R,R,X,I,I
300000931,26,20201121,1,20201121,,100000035,EUR,484.21,406.9,77.31,P,I,C,I,I
300000932,8,20201122,18,20201122,,100000032,EUR,4606.5,3871,735.5,R,R,X,I,I
300000933,30,20201123,32,20201123,,100000027,EUR,10053.12,8448,1605.12,N,I,I,I,I
300000934,24,20201124,1,20201124,,100000028,EUR,2206.26,1854,352.26,P,I,S,I,I
300000935,27,20201125,10,20201125,,100000030,EUR,17885.7,15030,2855.7,C,A,S,I,D
300000936,26,20201126,20,20201126,,100000034,EUR,4379.2,3680,699.2,C,A,S,I,D
300000937,10,20201201,5,20201201,,100000031,EUR,8587.05,7216,1371.05,R,R,X,I,I
300000938,6,20201202,26,20201202,,100000032,EUR,5255.64,4416.5,839.14,R,R,X,I,I
300000939,31,20201203,2,20201203,,100000032,EUR,3932.37,3304.5,627.87,R,R,X,I,I
300000940,21,20201204,1,20201204,,100000033,EUR,1755.26,1475,280.26,N,I,I,I,I
300000941,33,20201205,28,20201205,,100000035,EUR,350.93,294.9,56.03,X,R,X,I,I
300000942,19,20201206,20,20201206,,100000030,EUR,3577.14,3006,571.14,C,A,S,I,D
300000943,7,20201207,19,20201207,,100000031,EUR,4765.96,4005,760.96,X,R,X,I,I
300000944,7,20201208,28,20201208,,100000027,EUR,5798.87,4873,925.87,X,R,X,I,I
300000945,9,20201209,9,20201209,,100000028,EUR,9761.57,8203,1558.57,R,R,X,I,I
300000946,10,20201210,11,20201210,,100000030,EUR,1896.86,1594,302.86,C,A,S,I,D
300000947,26,20201211,22,20201211,,100000033,EUR,583.7,490.5,93.2,N,I,I,I,I
300000948,4,20201212,15,20201212,,100000032,EUR,2634.07,2213.5,420.57,R,R,X,I,I
300000949,14,20201213,17,20201213,,100000031,EUR,7636.24,6417,1219.24,R,R,X,I,I
300000950,21,20201214,2,20201214,,100000044,EUR,11689.24,9822.89,1866.35,R,R,X,I,I
300000951,30,20201215,31,20201215,,100000036,EUR,4983.37,4187.7,795.67,X,R,X,I,I
300000952,18,20201216,33,20201216,,100000038,EUR,724.71,609,115.71,X,R,X,I,I
300000953,25,20201217,30,20201217,,100000037,EUR,1872.82,1573.8,299.02,C,A,S,I,D
300000954,2,20201218,32,20201218,,100000037,EUR,1240.46,1042.4,198.06,C,A,S,I,D
300000955,13,20201219,9,20201219,,100000042,EUR,12794.88,10752,2042.88,N,I,I,I,I
300000956,26,20201220,5,20201220,,100000044,EUR,1294.71,1087.99,206.72,C,A,S,I,D
300000957,14,20201221,5,20201221,,100000041,EUR,2645.37,2223,422.37,P,I,S,I,I
300000958,7,20201222,30,20201222,,100000043,EUR,16526.72,13888,2638.72,N,I,I,I,I
300000959,16,20201223,22,20201223,,100000044,EUR,4157.82,3493.96,663.86,N,I,I,I,I
300000960,18,20201224,6,20201224,,100000036,EUR,2751.29,2312,439.29,R,R,X,I,I
300000961,29,20201225,9,20201225,,100000041,EUR,1423.24,1196,227.24,R,R,X,I,I
300000962,30,20201226,31,20201226,,100000038,EUR,1006.74,846,160.74,R,R,X,I,I
300000963,25,20201227,15,20201227,,100000037,EUR,2354.54,1978.6,375.94,X,R,X,I,I
300000964,10,20201228,15,20201228,,100000037,EUR,1318.76,1108.2,210.56,R,R,X,I,I
300000965,14,20201229,30,20201229,,100000042,EUR,16148.3,13570,2578.3,R,R,X,I,I
300000966,30,20201230,7,20201230,,100000041,EUR,959.14,806,153.14,X,R,X,I,I
300000967,14,20201101,31,20201101,,100000038,EUR,132.09,111,21.09,C,A,S,I,D
300000968,29,20201102,10,20201102,,100000036,EUR,1909.36,1604.5,304.86,P,I,C,I,I
300000969,7,20201103,2,20201103,,100000043,EUR,12623.52,10608,2015.52,C,A,S,I,D
300000970,18,20201104,5,20201104,,100000044,EUR,9517.53,7997.91,1519.62,P,I,S,I,I
300000971,33,20201105,5,20201105,,100000036,EUR,744.71,625.8,118.91,N,I,I,I,I
300000972,9,20201106,32,20201106,,100000037,EUR,957.47,804.6,152.87,X,R,X,I,I
300000973,14,20201107,20,20201107,,100000042,EUR,7325.64,6156,1169.64,P,A,C,I,I
300000974,24,20201108,25,20201108,,100000038,EUR,949.62,798,151.62,X,R,X,I,I
300000975,2,20201109,26,20201109,,100000044,EUR,11689.25,9822.89,1866.36,P,I,S,I,I
300000976,7,20201110,9,20201110,,100000044,EUR,11689.24,9822.89,1866.35,P,I,C,I,I
300000977,10,20201111,12,20201111,,100000044,EUR,7438.62,6250.93,1187.69,C,A,S,I,D
300000978,10,20201112,26,20201112,,100000042,EUR,8563.24,7196,1367.24,X,R,X,I,I
300000979,27,20201113,22,20201113,,100000041,EUR,1485.12,1248,237.12,P,A,S,I,I
300000980,7,20201114,4,20201114,,100000037,EUR,2354.54,1978.6,375.94,P,A,S,I,I
300000981,20,20201115,10,20201115,,100000041,EUR,1129.31,949,180.31,C,A,S,I,D
300000982,19,20201116,20,20201116,,100000037,EUR,2354.54,1978.6,375.94,N,I,I,I,I
300000983,13,20201117,6,20201117,,100000043,EUR,14575.12,12248,2327.12,X,R,X,I,I
300000984,33,20201118,10,20201118,,100000044,EUR,2218.14,1863.98,354.16,C,A,S,I,D
300000985,4,20201119,10,20201119,,100000036,EUR,4044.22,3398.5,645.72,X,R,X,I,I
300000986,29,20201120,2,20201120,,100000044,EUR,4250.63,3571.96,678.67,R,R,X,I,I
300000987,20,20201121,3,20201121,,100000038,EUR,960.33,807,153.33,R,R,X,I,I
300000988,8,20201122,2,20201122,,100000037,EUR,2432.84,2044.4,388.44,P,A,S,I,I
300000989,23,20201123,27,20201123,,100000037,EUR,1553.67,1305.6,248.07,C,A,S,I,D
300000990,16,20201124,17,20201124,,100000042,EUR,15709.19,13201,2508.19,X,R,X,I,I
300000991,22,20201117,25,20201117,,100000041,EUR,819.91,689,130.91,P,A,S,I,I
300000992,12,20201118,20,20201118,,100000036,EUR,808.84,679.7,129.14,R,R,X,I,I
300000993,15,20201119,3,20201119,,100000038,EUR,489.09,411,78.09,C,A,S,I,D
300000994,24,20201120,4,20201120,,100000043,EUR,15718.71,13209,2509.71,N,I,I,I,I
300000995,27,20201121,32,20201121,,100000044,EUR,9517.53,7997.91,1519.62,X,R,X,I,I
300000996,13,20201122,22,20201122,,100000036,EUR,744.71,625.8,118.91,N,I,I,I,I
300000997,29,20201123,29,20201123,,100000042,EUR,5030.13,4227,803.13,C,A,S,I,D
300000998,28,20201124,24,20201124,,100000037,EUR,1397.06,1174,223.06,N,I,I,I,I
300000999,20,20201101,5,20201101,,100000038,EUR,885.36,744,141.36,N,I,I,I,I
